#
# There is insufficient memory for the Java Runtime Environment to continue.
# Native memory allocation (mmap) failed to map 843055104 bytes. Error detail: G1 virtual space
# Possible reasons:
#   The system is out of physical RAM or swap space
#   This process is running with CompressedOops enabled, and the Java Heap may be blocking the growth of the native heap
# Possible solutions:
#   Reduce memory load on the system
#   Increase physical memory or swap space
#   Check if swap backing store is full
#   Decrease Java heap size (-Xmx/-Xms)
#   Decrease number of Java threads
#   Decrease Java thread stack sizes (-Xss)
#   Set larger code cache with -XX:ReservedCodeCacheSize=
#   JVM is running with Zero Based Compressed Oops mode in which the Java heap is
#     placed in the first 32GB address space. The Java Heap base address is the
#     maximum limit for the native heap growth. Please use -XX:HeapBaseMinAddress
#     to set the Java Heap base and to place the Java Heap above 32GB virtual address.
# This output file may be truncated or incomplete.
#
#  Out of Memory Error (os_windows.cpp:3766), pid=13072, tid=3424
#
# JRE version: OpenJDK Runtime Environment (25.0.3) (build 25.0.3+-15898627-b508.16)
# Java VM: OpenJDK 64-Bit Server VM (25.0.3+-15898627-b508.16, mixed mode, tiered, compressed oops, compressed class ptrs, g1 gc, windows-amd64)
# No core dump will be written. Minidumps are not enabled by default on client versions of Windows
#

---------------  S U M M A R Y ------------

Command Line: --add-opens=java.base/java.lang=ALL-UNNAMED --add-opens=java.base/java.lang.invoke=ALL-UNNAMED --add-opens=java.base/java.util=ALL-UNNAMED --add-opens=java.prefs/java.util.prefs=ALL-UNNAMED --add-exports=jdk.compiler/com.sun.tools.javac.api=ALL-UNNAMED --add-exports=jdk.compiler/com.sun.tools.javac.util=ALL-UNNAMED --add-opens=java.base/java.util=ALL-UNNAMED --add-opens=java.prefs/java.util.prefs=ALL-UNNAMED --add-opens=java.base/java.nio.charset=ALL-UNNAMED --add-opens=java.base/java.net=ALL-UNNAMED --add-opens=java.base/java.util.concurrent=ALL-UNNAMED --add-opens=java.base/java.util.concurrent.atomic=ALL-UNNAMED --add-opens=java.xml/javax.xml.namespace=ALL-UNNAMED --add-opens=java.base/java.time=ALL-UNNAMED --enable-native-access=ALL-UNNAMED -XX:MaxMetaspaceSize=4G -XX:ReservedCodeCacheSize=512m -XX:+HeapDumpOnOutOfMemoryError -Xmx8G -Dfile.encoding=UTF-8 -Duser.country=ID -Duser.language=en -Duser.variant -javaagent:C:\Users\ASUS\.gradle\wrapper\dists\gradle-9.3.1-all\9ot9r568e8zfvvd4mn8rbu1j0\gradle-9.3.1\lib\agents\gradle-instrumentation-agent-9.3.1.jar org.gradle.launcher.daemon.bootstrap.GradleDaemon 9.3.1

Host: 11th Gen Intel(R) Core(TM) i3-1115G4 @ 3.00GHz, 4 cores, 3G,  Windows 11 , 64 bit Build 26100 (10.0.26100.9444)
Time: Wed Sep 23 02:48:00 2026 SE Asia Standard Time elapsed time: 358.282724 seconds (0d 0h 5m 58s)

---------------  T H R E A D  ---------------

Current thread (0x00000245ce8249f0):  VMThread "VM Thread"          [id=3424, stack(0x0000006fe0f00000,0x0000006fe1000000) (1024K)]

Stack: [0x0000006fe0f00000,0x0000006fe1000000]
Native frames: (J=compiled Java code, j=interpreted, Vv=VM code, C=native code)
V  [jvm.dll+0x7bf039]  (no source info available)
V  [jvm.dll+0x78912d]  (no source info available)
V  [jvm.dll+0xa0e615]  (no source info available)
V  [jvm.dll+0xa10c94]  (no source info available)
V  [jvm.dll+0xa11393]  (no source info available)
V  [jvm.dll+0x30a116]  (no source info available)
V  [jvm.dll+0x7bb145]  (no source info available)
V  [jvm.dll+0x7adc17]  (no source info available)
V  [jvm.dll+0x3fea3b]  (no source info available)
V  [jvm.dll+0x406bf6]  (no source info available)
V  [jvm.dll+0x3f30a6]  (no source info available)
V  [jvm.dll+0x3f3388]  (no source info available)
V  [jvm.dll+0x3c8622]  (no source info available)
V  [jvm.dll+0x3c86ba]  (no source info available)
V  [jvm.dll+0x417e60]  (no source info available)
V  [jvm.dll+0x416781]  (no source info available)
V  [jvm.dll+0x3c7d57]  (no source info available)
V  [jvm.dll+0x415bbf]  (no source info available)
V  [jvm.dll+0xa1765a]  (no source info available)
V  [jvm.dll+0xa18961]  (no source info available)
V  [jvm.dll+0xa18ed8]  (no source info available)
V  [jvm.dll+0xa19163]  (no source info available)
V  [jvm.dll+0x9ad738]  (no source info available)
V  [jvm.dll+0x7bd585]  (no source info available)
C  [ucrtbase.dll+0x2cd30]  (no source info available)
C  [KERNEL32.DLL+0x2cd87]  (no source info available)
C  [ntdll.dll+0xacaec]  (no source info available)

VM_Operation (0x0000006fe5afb118): G1CollectForAllocation, mode: safepoint, requested by thread 0x00000245d840d0d0


---------------  P R O C E S S  ---------------

Threads class SMR info:
_java_thread_list=0x00000245d626b760, length=84, elements={
0x00000245a0f77d80, 0x00000245ce84a2d0, 0x00000245d50140a0, 0x00000245ce84c620,
0x00000245ce86c420, 0x00000245ce86cfe0, 0x00000245ce864680, 0x00000245ce8689d0,
0x00000245ce873fd0, 0x00000245d5028870, 0x00000245d53884f0, 0x00000245d75626c0,
0x00000245d7751090, 0x00000245d76c5a10, 0x00000245d766d7f0, 0x00000245d766dfb0,
0x00000245d77254e0, 0x00000245d7724540, 0x00000245d7729360, 0x00000245d7727bf0,
0x00000245d772a300, 0x00000245d7727420, 0x00000245d772ba70, 0x00000245d53d68c0,
0x00000245d53d7860, 0x00000245d53d4980, 0x00000245d53dbeb0, 0x00000245d53d9f70,
0x00000245d53da740, 0x00000245d6aa6260, 0x00000245d6aa3b50, 0x00000245d6aa3380,
0x00000245d6aa4af0, 0x00000245d6aaa8b0, 0x00000245d575ee80, 0x00000245d575bfa0,
0x00000245d575dee0, 0x00000245d575f650, 0x00000245d575e6b0, 0x00000245d5761590,
0x00000245d5762d00, 0x00000245d5760dc0, 0x00000245d8cebd40, 0x00000245d8ced4b0,
0x00000245d8cefbc0, 0x00000245d8cf0390, 0x00000245d8cf0b60, 0x00000245d9da2000,
0x00000245d9da4ee0, 0x00000245d9e477e0, 0x00000245d9e48f50, 0x00000245d9e49720,
0x00000245d9e49ef0, 0x00000245d9e46840, 0x00000245d9e4c600, 0x00000245d9e4cdd0,
0x00000245d9e4b660, 0x00000245df016520, 0x00000245df016cf0, 0x00000245df01bb10,
0x00000245df01b340, 0x00000245df01a3a0, 0x00000245d6755e50, 0x00000245d67575c0,
0x00000245d67546e0, 0x00000245d675b440, 0x00000245d675c3e0, 0x00000245d6758d30,
0x00000245d675d380, 0x00000245d6762970, 0x00000245d840d8a0, 0x00000245d840d0d0,
0x00000245d840e840, 0x00000245d840f010, 0x00000245d8410780, 0x00000245d8410f50,
0x00000245d840e070, 0x00000245d8414600, 0x00000245d8415d70, 0x00000245d8412e90,
0x00000245d8418c50, 0x00000245d8417cb0, 0x00000245d84155a0, 0x00000245d8419bf0
}

Java Threads: ( => current thread )
  0x00000245a0f77d80 JavaThread "main"                              [_thread_blocked, id=18744, stack(0x0000006fe0800000,0x0000006fe0900000) (1024K)]
  0x00000245ce84a2d0 JavaThread "Common-Cleaner"             daemon [_thread_blocked, id=11896, stack(0x0000006fe1000000,0x0000006fe1100000) (1024K)]
  0x00000245d50140a0 JavaThread "Reference Handler"          daemon [_thread_blocked, id=4852, stack(0x0000006fe1100000,0x0000006fe1200000) (1024K)]
  0x00000245ce84c620 JavaThread "Finalizer"                  daemon [_thread_blocked, id=7276, stack(0x0000006fe1200000,0x0000006fe1300000) (1024K)]
  0x00000245ce86c420 JavaThread "Signal Dispatcher"          daemon [_thread_blocked, id=19896, stack(0x0000006fe1300000,0x0000006fe1400000) (1024K)]
  0x00000245ce86cfe0 JavaThread "Attach Listener"            daemon [_thread_blocked, id=20100, stack(0x0000006fe1400000,0x0000006fe1500000) (1024K)]
  0x00000245ce864680 JavaThread "Service Thread"             daemon [_thread_blocked, id=20388, stack(0x0000006fe1500000,0x0000006fe1600000) (1024K)]
  0x00000245ce8689d0 JavaThread "Monitor Deflation Thread"   daemon [_thread_blocked, id=20384, stack(0x0000006fe1600000,0x0000006fe1700000) (1024K)]
  0x00000245ce873fd0 JavaThread "C2 CompilerThread0"         daemon [_thread_blocked, id=11984, stack(0x0000006fe1700000,0x0000006fe1800000) (1024K)]
  0x00000245d5028870 JavaThread "C1 CompilerThread0"         daemon [_thread_blocked, id=5720, stack(0x0000006fe1800000,0x0000006fe1900000) (1024K)]
  0x00000245d53884f0 JavaThread "Notification Thread"        daemon [_thread_blocked, id=7488, stack(0x0000006fe1900000,0x0000006fe1a00000) (1024K)]
  0x00000245d75626c0 JavaThread "Daemon health stats"               [_thread_blocked, id=18756, stack(0x0000006fe1d00000,0x0000006fe1e00000) (1024K)]
  0x00000245d7751090 JavaThread "Incoming local TCP Connector on port 60816"        [_thread_in_native, id=1208, stack(0x0000006fe1e00000,0x0000006fe1f00000) (1024K)]
  0x00000245d76c5a10 JavaThread "Daemon periodic checks"            [_thread_blocked, id=1132, stack(0x0000006fe1f00000,0x0000006fe2000000) (1024K)]
  0x00000245d766d7f0 JavaThread "Daemon"                            [_thread_blocked, id=11816, stack(0x0000006fe2000000,0x0000006fe2100000) (1024K)]
  0x00000245d766dfb0 JavaThread "Handler for socket connection from /127.0.0.1:60816 to /127.0.0.1:60817"        [_thread_in_native, id=20248, stack(0x0000006fe2100000,0x0000006fe2200000) (1024K)]
  0x00000245d77254e0 JavaThread "Cancel handler"                    [_thread_blocked, id=17196, stack(0x0000006fe2200000,0x0000006fe2300000) (1024K)]
  0x00000245d7724540 JavaThread "Daemon worker"                     [_thread_blocked, id=16196, stack(0x0000006fe2300000,0x0000006fe2400000) (1024K)]
  0x00000245d7729360 JavaThread "Asynchronous log dispatcher for DefaultDaemonConnection: socket connection from /127.0.0.1:60816 to /127.0.0.1:60817"        [_thread_blocked, id=2028, stack(0x0000006fe2400000,0x0000006fe2500000) (1024K)]
  0x00000245d7727bf0 JavaThread "Stdin handler"                     [_thread_blocked, id=18628, stack(0x0000006fe2500000,0x0000006fe2600000) (1024K)]
  0x00000245d772a300 JavaThread "Daemon client event forwarder"        [_thread_blocked, id=19808, stack(0x0000006fe2600000,0x0000006fe2700000) (1024K)]
  0x00000245d7727420 JavaThread "Cache worker for journal cache (C:\Users\ASUS\.gradle\caches\journal-1)"        [_thread_blocked, id=18616, stack(0x0000006fe2700000,0x0000006fe2800000) (1024K)]
  0x00000245d772ba70 JavaThread "File lock request listener"        [_thread_in_native, id=19120, stack(0x0000006fe2800000,0x0000006fe2900000) (1024K)]
  0x00000245d53d68c0 JavaThread "Cache worker for file hash cache (C:\Users\ASUS\.gradle\caches\9.3.1\fileHashes)"        [_thread_blocked, id=4596, stack(0x0000006fe2900000,0x0000006fe2a00000) (1024K)]
  0x00000245d53d7860 JavaThread "Cache worker for file hash cache (C:\Users\ASUS\Downloads\Web\Obesight\android\.gradle\9.3.1\fileHashes)"        [_thread_blocked, id=18724, stack(0x0000006fe2a00000,0x0000006fe2b00000) (1024K)]
  0x00000245d53d4980 JavaThread "Cache worker for Build Output Cleanup Cache (C:\Users\ASUS\Downloads\Web\Obesight\android\.gradle\buildOutputCleanup)"        [_thread_blocked, id=13724, stack(0x0000006fe2b00000,0x0000006fe2c00000) (1024K)]
  0x00000245d53dbeb0 JavaThread "File watcher server"        daemon [_thread_in_native, id=4732, stack(0x0000006fe2c00000,0x0000006fe2d00000) (1024K)]
  0x00000245d53d9f70 JavaThread "File watcher consumer"      daemon [_thread_blocked, id=15632, stack(0x0000006fe2d00000,0x0000006fe2e00000) (1024K)]
  0x00000245d53da740 JavaThread "Cache worker for checksums cache (C:\Users\ASUS\Downloads\Web\Obesight\android\.gradle\9.3.1\checksums)"        [_thread_blocked, id=15456, stack(0x0000006fe2e00000,0x0000006fe2f00000) (1024K)]
  0x00000245d6aa6260 JavaThread "Cache worker for file content cache (C:\Users\ASUS\.gradle\caches\9.3.1\fileContent)"        [_thread_blocked, id=5632, stack(0x0000006fe2f00000,0x0000006fe3000000) (1024K)]
  0x00000245d6aa3b50 JavaThread "Cache worker for cache directory md-supplier (C:\Users\ASUS\.gradle\caches\9.3.1\md-supplier)"        [_thread_blocked, id=19264, stack(0x0000006fe3000000,0x0000006fe3100000) (1024K)]
  0x00000245d6aa3380 JavaThread "Cache worker for cache directory md-rule (C:\Users\ASUS\.gradle\caches\9.3.1\md-rule)"        [_thread_blocked, id=15644, stack(0x0000006fe3100000,0x0000006fe3200000) (1024K)]
  0x00000245d6aa4af0 JavaThread "Cache worker for Build Output Cleanup Cache (C:\src\flutter\packages\flutter_tools\gradle\.gradle\buildOutputCleanup)"        [_thread_blocked, id=5788, stack(0x0000006fe3200000,0x0000006fe3300000) (1024K)]
  0x00000245d6aaa8b0 JavaThread "Unconstrained build operations"        [_thread_blocked, id=20356, stack(0x0000006fe3300000,0x0000006fe3400000) (1024K)]
  0x00000245d575ee80 JavaThread "Unconstrained build operations Thread 2"        [_thread_blocked, id=20176, stack(0x0000006fe3400000,0x0000006fe3500000) (1024K)]
  0x00000245d575bfa0 JavaThread "Unconstrained build operations Thread 3"        [_thread_blocked, id=2560, stack(0x0000006fe3500000,0x0000006fe3600000) (1024K)]
  0x00000245d575dee0 JavaThread "Unconstrained build operations Thread 4"        [_thread_blocked, id=20368, stack(0x0000006fe3600000,0x0000006fe3700000) (1024K)]
  0x00000245d575f650 JavaThread "Unconstrained build operations Thread 5"        [_thread_blocked, id=18096, stack(0x0000006fe3700000,0x0000006fe3800000) (1024K)]
  0x00000245d575e6b0 JavaThread "Unconstrained build operations Thread 6"        [_thread_blocked, id=20192, stack(0x0000006fe3800000,0x0000006fe3900000) (1024K)]
  0x00000245d5761590 JavaThread "Unconstrained build operations Thread 7"        [_thread_blocked, id=20148, stack(0x0000006fe3900000,0x0000006fe3a00000) (1024K)]
  0x00000245d5762d00 JavaThread "Unconstrained build operations Thread 8"        [_thread_blocked, id=19460, stack(0x0000006fe3a00000,0x0000006fe3b00000) (1024K)]
  0x00000245d5760dc0 JavaThread "Unconstrained build operations Thread 9"        [_thread_blocked, id=20188, stack(0x0000006fe3b00000,0x0000006fe3c00000) (1024K)]
  0x00000245d8cebd40 JavaThread "Memory manager"                    [_thread_blocked, id=20220, stack(0x0000006fe3c00000,0x0000006fe3d00000) (1024K)]
  0x00000245d8ced4b0 JavaThread "build event listener"              [_thread_blocked, id=17964, stack(0x0000006fe3d00000,0x0000006fe3e00000) (1024K)]
  0x00000245d8cefbc0 JavaThread "Execution worker"                  [_thread_blocked, id=3160, stack(0x0000006fe3f00000,0x0000006fe4000000) (1024K)]
  0x00000245d8cf0390 JavaThread "Execution worker Thread 2"         [_thread_blocked, id=9284, stack(0x0000006fe4000000,0x0000006fe4100000) (1024K)]
  0x00000245d8cf0b60 JavaThread "Execution worker Thread 3"         [_thread_blocked, id=17604, stack(0x0000006fe4100000,0x0000006fe4200000) (1024K)]
  0x00000245d9da2000 JavaThread "Cache worker for execution history cache (C:\src\flutter\packages\flutter_tools\gradle\.gradle\9.3.1\executionHistory)"        [_thread_blocked, id=7028, stack(0x0000006fe4200000,0x0000006fe4300000) (1024K)]
  0x00000245d9da4ee0 JavaThread "Unconstrained build operations Thread 10"        [_thread_blocked, id=16652, stack(0x0000006fe0600000,0x0000006fe0700000) (1024K)]
  0x00000245d9e477e0 JavaThread "Unconstrained build operations Thread 11"        [_thread_blocked, id=18664, stack(0x0000006fe4300000,0x0000006fe4400000) (1024K)]
  0x00000245d9e48f50 JavaThread "Unconstrained build operations Thread 12"        [_thread_blocked, id=692, stack(0x0000006fe4400000,0x0000006fe4500000) (1024K)]
  0x00000245d9e49720 JavaThread "Unconstrained build operations Thread 13"        [_thread_blocked, id=2064, stack(0x0000006fe4500000,0x0000006fe4600000) (1024K)]
  0x00000245d9e49ef0 JavaThread "Unconstrained build operations Thread 14"        [_thread_blocked, id=9664, stack(0x0000006fe4600000,0x0000006fe4700000) (1024K)]
  0x00000245d9e46840 JavaThread "Unconstrained build operations Thread 15"        [_thread_blocked, id=13376, stack(0x0000006fe4700000,0x0000006fe4800000) (1024K)]
  0x00000245d9e4c600 JavaThread "Unconstrained build operations Thread 16"        [_thread_blocked, id=17676, stack(0x0000006fe4800000,0x0000006fe4900000) (1024K)]
  0x00000245d9e4cdd0 JavaThread "Unconstrained build operations Thread 17"        [_thread_blocked, id=13420, stack(0x0000006fe4900000,0x0000006fe4a00000) (1024K)]
  0x00000245d9e4b660 JavaThread "Unconstrained build operations Thread 18"        [_thread_blocked, id=19520, stack(0x0000006fe4a00000,0x0000006fe4b00000) (1024K)]
  0x00000245df016520 JavaThread "Unconstrained build operations Thread 19"        [_thread_blocked, id=9800, stack(0x0000006fe0500000,0x0000006fe0600000) (1024K)]
  0x00000245df016cf0 JavaThread "Unconstrained build operations Thread 20"        [_thread_blocked, id=12536, stack(0x0000006fe0700000,0x0000006fe0800000) (1024K)]
  0x00000245df01bb10 JavaThread "Unconstrained build operations Thread 21"        [_thread_blocked, id=15256, stack(0x0000006fe4f00000,0x0000006fe5000000) (1024K)]
  0x00000245df01b340 JavaThread "Unconstrained build operations Thread 22"        [_thread_blocked, id=10140, stack(0x0000006fe5000000,0x0000006fe5100000) (1024K)]
  0x00000245df01a3a0 JavaThread "WorkerExecutor Queue"              [_thread_blocked, id=16292, stack(0x0000006fe5100000,0x0000006fe5200000) (1024K)]
  0x00000245d6755e50 JavaThread "RMI Scheduler(0)"           daemon [_thread_blocked, id=1992, stack(0x0000006fe5200000,0x0000006fe5300000) (1024K)]
  0x00000245d67575c0 JavaThread "RMI GC Daemon"              daemon [_thread_blocked, id=19148, stack(0x0000006fe5400000,0x0000006fe5500000) (1024K)]
  0x00000245d67546e0 JavaThread "RMI TCP Accept-0"           daemon [_thread_in_native, id=16992, stack(0x0000006fe5500000,0x0000006fe5600000) (1024K)]
  0x00000245d675b440 JavaThread "RMI Reaper"                        [_thread_blocked, id=12876, stack(0x0000006fe5600000,0x0000006fe5700000) (1024K)]
  0x00000245d675c3e0 JavaThread "Unconstrained build operations Thread 23"        [_thread_blocked, id=20348, stack(0x0000006fe4c00000,0x0000006fe4d00000) (1024K)]
  0x00000245d6758d30 JavaThread "Unconstrained build operations Thread 24"        [_thread_blocked, id=11952, stack(0x0000006fe4d00000,0x0000006fe4e00000) (1024K)]
  0x00000245d675d380 JavaThread "Unconstrained build operations Thread 25"        [_thread_blocked, id=19476, stack(0x0000006fe5700000,0x0000006fe5800000) (1024K)]
  0x00000245d6762970 JavaThread "Unconstrained build operations Thread 26"        [_thread_blocked, id=15588, stack(0x0000006fe5800000,0x0000006fe5900000) (1024K)]
  0x00000245d840d8a0 JavaThread "Unconstrained build operations Thread 27"        [_thread_blocked, id=19716, stack(0x0000006fe5900000,0x0000006fe5a00000) (1024K)]
  0x00000245d840d0d0 JavaThread "Unconstrained build operations Thread 28"        [_thread_blocked, id=15508, stack(0x0000006fe5a00000,0x0000006fe5b00000) (1024K)]
  0x00000245d840e840 JavaThread "Unconstrained build operations Thread 29"        [_thread_blocked, id=4688, stack(0x0000006fe5b00000,0x0000006fe5c00000) (1024K)]
  0x00000245d840f010 JavaThread "Unconstrained build operations Thread 30"        [_thread_blocked, id=19580, stack(0x0000006fe5c00000,0x0000006fe5d00000) (1024K)]
  0x00000245d8410780 JavaThread "Unconstrained build operations Thread 31"        [_thread_blocked, id=7936, stack(0x0000006fe5d00000,0x0000006fe5e00000) (1024K)]
  0x00000245d8410f50 JavaThread "Unconstrained build operations Thread 32"        [_thread_blocked, id=19780, stack(0x0000006fe5e00000,0x0000006fe5f00000) (1024K)]
  0x00000245d840e070 JavaThread "Unconstrained build operations Thread 33"        [_thread_blocked, id=13824, stack(0x0000006fe5f00000,0x0000006fe6000000) (1024K)]
  0x00000245d8414600 JavaThread "Unconstrained build operations Thread 34"        [_thread_blocked, id=3712, stack(0x0000006fe6000000,0x0000006fe6100000) (1024K)]
  0x00000245d8415d70 JavaThread "Unconstrained build operations Thread 35"        [_thread_blocked, id=15452, stack(0x0000006fe6100000,0x0000006fe6200000) (1024K)]
  0x00000245d8412e90 JavaThread "Unconstrained build operations Thread 36"        [_thread_blocked, id=17620, stack(0x0000006fe6200000,0x0000006fe6300000) (1024K)]
  0x00000245d8418c50 JavaThread "Unconstrained build operations Thread 37"        [_thread_blocked, id=13836, stack(0x0000006fe6300000,0x0000006fe6400000) (1024K)]
  0x00000245d8417cb0 JavaThread "Unconstrained build operations Thread 38"        [_thread_blocked, id=19996, stack(0x0000006fe6600000,0x0000006fe6700000) (1024K)]
  0x00000245d84155a0 JavaThread "Unconstrained build operations Thread 39"        [_thread_blocked, id=20264, stack(0x0000006fe6700000,0x0000006fe6800000) (1024K)]
  0x00000245d8419bf0 JavaThread "Unconstrained build operations Thread 40"        [_thread_blocked, id=12540, stack(0x0000006fe6800000,0x0000006fe6900000) (1024K)]
Total: 84

Other Threads:
=>0x00000245ce8249f0 VMThread "VM Thread"                           [id=3424, stack(0x0000006fe0f00000,0x0000006fe1000000) (1024K)]
  0x00000245ce7e3880 WatcherThread "VM Periodic Task Thread"        [id=3480, stack(0x0000006fe0e00000,0x0000006fe0f00000) (1024K)]
  0x00000245a1025a60 WorkerThread "GC Thread#0"                     [id=17304, stack(0x0000006fe0900000,0x0000006fe0a00000) (1024K)]
  0x00000245d59ee9e0 WorkerThread "GC Thread#1"                     [id=4876, stack(0x0000006fe1a00000,0x0000006fe1b00000) (1024K)]
  0x00000245d59c91d0 WorkerThread "GC Thread#2"                     [id=18276, stack(0x0000006fe1b00000,0x0000006fe1c00000) (1024K)]
  0x00000245d59c9600 WorkerThread "GC Thread#3"                     [id=8508, stack(0x0000006fe1c00000,0x0000006fe1d00000) (1024K)]
  0x00000245a102b310 ConcurrentGCThread "G1 Main Marker"            [id=2868, stack(0x0000006fe0a00000,0x0000006fe0b00000) (1024K)]
  0x00000245a102beb0 WorkerThread "G1 Conc#0"                       [id=13356, stack(0x0000006fe0b00000,0x0000006fe0c00000) (1024K)]
  0x00000245ce6b0600 ConcurrentGCThread "G1 Refine#0"               [id=14684, stack(0x0000006fe0c00000,0x0000006fe0d00000) (1024K)]
  0x00000245ce6b2ea0 ConcurrentGCThread "G1 Service"                [id=13748, stack(0x0000006fe0d00000,0x0000006fe0e00000) (1024K)]
Total: 10

Threads with active compile tasks:
Total: 0

VM state: at safepoint (normal execution)

VM Mutex/Monitor currently owned by a thread:  ([mutex/lock_event])
[0x00007ffcbff07928] Threads_lock - owner thread: 0x00000245ce8249f0
[0x00007ffcbff07aa8] Heap_lock - owner thread: 0x00000245d840d0d0

Heap address: 0x0000000600000000, size: 8192 MB, Compressed Oops mode: Zero based, Oop shift amount: 3

CDS archive(s) not mapped
Compressed class space mapped at: 0x0000000088000000-0x00000000c8000000, reserved size: 1073741824
UseCompressedClassPointers 1, UseCompactObjectHeaders 0
Narrow klass pointer bits 32, Max shift 3
Narrow klass base: 0x0000000000000000, Narrow klass shift: 0
Encoding Range: [0x0000000000000000 - 0x0000000100000000), (4294967296 bytes)
Klass Range:    [0x0000000088000000 - 0x00000000c8000000), (1073741824 bytes)
Klass ID Range:  [2281701376 - 3355443193) (1073741817)
No protection zone.

GC Precious Log:
 CardTable entry size: 512
 Card Set container configuration: InlinePtr #cards 4 size 8 Array Of Cards #cards 32 size 80 Howl #buckets 8 coarsen threshold 7372 Howl Bitmap #cards 1024 size 144 coarsen threshold 921 Card regions per heap region 1 cards per card region 8192
 CPUs: 4 total, 4 available
 Memory: 3790M
 Large Page Support: Disabled
 NUMA Support: Disabled
 Compressed Oops: Enabled (Zero based)
 Heap Region Size: 4M
 Heap Min Capacity: 8M
 Heap Initial Capacity: 60M
 Heap Max Capacity: 8G
 Pre-touch: Disabled
 Parallel Workers: 4
 Concurrent Workers: 1
 Concurrent Refinement Workers: 4
 Periodic GC: Disabled

Heap:
 garbage-first heap   total reserved 8388608K, committed 823296K, used 167839K [0x0000000600000000, 0x0000000800000000)
  region size 4096K, 2 young (8192K), 2 survivors (8192K)

Heap Regions: E=young(eden), S=young(survivor), O=old, HS=humongous(starts), HC=humongous(continues), CS=collection set, F=free, TAMS=top-at-mark-start, PB=parsable bottom
|   0|0x0000000600000000, 0x0000000600400000, 0x0000000600400000|100%|HS|  |TAMS 0x0000000600000000| PB 0x0000000600000000| Complete |  0
|   1|0x0000000600400000, 0x0000000600800000, 0x0000000600800000|100%| O|  |TAMS 0x0000000600400000| PB 0x0000000600400000| Untracked |  0
|   2|0x0000000600800000, 0x0000000600c00000, 0x0000000600c00000|100%| O|  |TAMS 0x0000000600800000| PB 0x0000000600800000| Untracked |  0
|   3|0x0000000600c00000, 0x0000000601000000, 0x0000000601000000|100%| O|  |TAMS 0x0000000600c00000| PB 0x0000000600c00000| Untracked |  0
|   4|0x0000000601000000, 0x0000000601400000, 0x0000000601400000|100%| O|  |TAMS 0x0000000601000000| PB 0x0000000601000000| Untracked |  0
|   5|0x0000000601400000, 0x0000000601800000, 0x0000000601800000|100%| O|  |TAMS 0x0000000601400000| PB 0x0000000601400000| Untracked |  0
|   6|0x0000000601800000, 0x0000000601c00000, 0x0000000601c00000|100%| O|  |TAMS 0x0000000601800000| PB 0x0000000601800000| Untracked |  0
|   7|0x0000000601c00000, 0x0000000602000000, 0x0000000602000000|100%| O|  |TAMS 0x0000000601c00000| PB 0x0000000601c00000| Untracked |  0
|   8|0x0000000602000000, 0x0000000602400000, 0x0000000602400000|100%| O|  |TAMS 0x0000000602000000| PB 0x0000000602000000| Untracked |  0
|   9|0x0000000602400000, 0x0000000602800000, 0x0000000602800000|100%| O|  |TAMS 0x0000000602400000| PB 0x0000000602400000| Untracked |  0
|  10|0x0000000602800000, 0x0000000602c00000, 0x0000000602c00000|100%| O|  |TAMS 0x0000000602800000| PB 0x0000000602800000| Untracked |  0
|  11|0x0000000602c00000, 0x0000000603000000, 0x0000000603000000|100%| O|  |TAMS 0x0000000602c00000| PB 0x0000000602c00000| Untracked |  0
|  12|0x0000000603000000, 0x0000000603400000, 0x0000000603400000|100%|HS|  |TAMS 0x0000000603000000| PB 0x0000000603000000| Complete |  0
|  13|0x0000000603400000, 0x0000000603800000, 0x0000000603800000|100%| O|  |TAMS 0x0000000603400000| PB 0x0000000603400000| Untracked |  0
|  14|0x0000000603800000, 0x0000000603c00000, 0x0000000603c00000|100%| O|  |TAMS 0x0000000603800000| PB 0x0000000603800000| Untracked |  0
|  15|0x0000000603c00000, 0x0000000604000000, 0x0000000604000000|100%| O|  |TAMS 0x0000000603c00000| PB 0x0000000603c00000| Untracked |  0
|  16|0x0000000604000000, 0x0000000604400000, 0x0000000604400000|100%| O|  |TAMS 0x0000000604000000| PB 0x0000000604000000| Untracked |  0
|  17|0x0000000604400000, 0x0000000604800000, 0x0000000604800000|100%| O|  |TAMS 0x0000000604400000| PB 0x0000000604400000| Untracked |  0
|  18|0x0000000604800000, 0x0000000604c00000, 0x0000000604c00000|100%| O|  |TAMS 0x0000000604800000| PB 0x0000000604800000| Untracked |  0
|  19|0x0000000604c00000, 0x0000000605000000, 0x0000000605000000|100%| O|  |TAMS 0x0000000604c00000| PB 0x0000000604c00000| Untracked |  0
|  20|0x0000000605000000, 0x0000000605400000, 0x0000000605400000|100%| O|  |TAMS 0x0000000605000000| PB 0x0000000605000000| Untracked |  0
|  21|0x0000000605400000, 0x0000000605800000, 0x0000000605800000|100%| O|  |TAMS 0x0000000605400000| PB 0x0000000605400000| Untracked |  0
|  22|0x0000000605800000, 0x0000000605c00000, 0x0000000605c00000|100%| O|  |TAMS 0x0000000605800000| PB 0x0000000605800000| Untracked |  0
|  23|0x0000000605c00000, 0x0000000606000000, 0x0000000606000000|100%| O|  |TAMS 0x0000000605c00000| PB 0x0000000605c00000| Untracked |  0
|  24|0x0000000606000000, 0x0000000606400000, 0x0000000606400000|100%| O|  |TAMS 0x0000000606000000| PB 0x0000000606000000| Untracked |  0
|  25|0x0000000606400000, 0x0000000606800000, 0x0000000606800000|100%| O|  |TAMS 0x0000000606400000| PB 0x0000000606400000| Untracked |  0
|  26|0x0000000606800000, 0x0000000606c00000, 0x0000000606c00000|100%| O|  |TAMS 0x0000000606800000| PB 0x0000000606800000| Untracked |  0
|  27|0x0000000606c00000, 0x0000000607000000, 0x0000000607000000|100%| O|  |TAMS 0x0000000606c00000| PB 0x0000000606c00000| Untracked |  0
|  28|0x0000000607000000, 0x0000000607400000, 0x0000000607400000|100%| O|  |TAMS 0x0000000607000000| PB 0x0000000607000000| Untracked |  0
|  29|0x0000000607400000, 0x0000000607800000, 0x0000000607800000|100%| O|  |TAMS 0x0000000607400000| PB 0x0000000607400000| Untracked |  0
|  30|0x0000000607800000, 0x0000000607c00000, 0x0000000607c00000|100%| O|  |TAMS 0x0000000607800000| PB 0x0000000607800000| Untracked |  0
|  31|0x0000000607c00000, 0x0000000608000000, 0x0000000608000000|100%| O|  |TAMS 0x0000000607c00000| PB 0x0000000607c00000| Untracked |  0
|  32|0x0000000608000000, 0x0000000608400000, 0x0000000608400000|100%| O|  |TAMS 0x0000000608000000| PB 0x0000000608000000| Untracked |  0
|  33|0x0000000608400000, 0x0000000608800000, 0x0000000608800000|100%| O|  |TAMS 0x0000000608400000| PB 0x0000000608400000| Untracked |  0
|  34|0x0000000608800000, 0x00000006088a8c00, 0x0000000608c00000| 16%| O|  |TAMS 0x0000000608800000| PB 0x0000000608800000| Untracked |  0
|  35|0x0000000608c00000, 0x0000000608c00000, 0x0000000609000000|  0%| F|  |TAMS 0x0000000608c00000| PB 0x0000000608c00000| Untracked |  0
|  36|0x0000000609000000, 0x0000000609000000, 0x0000000609400000|  0%| F|  |TAMS 0x0000000609000000| PB 0x0000000609000000| Untracked |  0
|  37|0x0000000609400000, 0x0000000609400000, 0x0000000609800000|  0%| F|  |TAMS 0x0000000609400000| PB 0x0000000609400000| Untracked |  0
|  38|0x0000000609800000, 0x0000000609800000, 0x0000000609c00000|  0%| F|  |TAMS 0x0000000609800000| PB 0x0000000609800000| Untracked |  0
|  39|0x0000000609c00000, 0x0000000609c00000, 0x000000060a000000|  0%| F|  |TAMS 0x0000000609c00000| PB 0x0000000609c00000| Untracked |  0
|  40|0x000000060a000000, 0x000000060a000000, 0x000000060a400000|  0%| F|  |TAMS 0x000000060a000000| PB 0x000000060a000000| Untracked |  0
|  41|0x000000060a400000, 0x000000060a400000, 0x000000060a800000|  0%| F|  |TAMS 0x000000060a400000| PB 0x000000060a400000| Untracked |  0
|  42|0x000000060a800000, 0x000000060a800000, 0x000000060ac00000|  0%| F|  |TAMS 0x000000060a800000| PB 0x000000060a800000| Untracked |  0
|  43|0x000000060ac00000, 0x000000060ac00000, 0x000000060b000000|  0%| F|  |TAMS 0x000000060ac00000| PB 0x000000060ac00000| Untracked |  0
|  44|0x000000060b000000, 0x000000060b000000, 0x000000060b400000|  0%| F|  |TAMS 0x000000060b000000| PB 0x000000060b000000| Untracked |  0
|  45|0x000000060b400000, 0x000000060b400000, 0x000000060b800000|  0%| F|  |TAMS 0x000000060b400000| PB 0x000000060b400000| Untracked |  0
|  46|0x000000060b800000, 0x000000060b800000, 0x000000060bc00000|  0%| F|  |TAMS 0x000000060b800000| PB 0x000000060b800000| Untracked |  0
|  47|0x000000060bc00000, 0x000000060bc00000, 0x000000060c000000|  0%| F|  |TAMS 0x000000060bc00000| PB 0x000000060bc00000| Untracked |  0
|  48|0x000000060c000000, 0x000000060c000000, 0x000000060c400000|  0%| F|  |TAMS 0x000000060c000000| PB 0x000000060c000000| Untracked |  0
|  49|0x000000060c400000, 0x000000060c400000, 0x000000060c800000|  0%| F|  |TAMS 0x000000060c400000| PB 0x000000060c400000| Untracked |  0
|  50|0x000000060c800000, 0x000000060c800000, 0x000000060cc00000|  0%| F|  |TAMS 0x000000060c800000| PB 0x000000060c800000| Untracked |  0
|  51|0x000000060cc00000, 0x000000060cc00000, 0x000000060d000000|  0%| F|  |TAMS 0x000000060cc00000| PB 0x000000060cc00000| Untracked |  0
|  52|0x000000060d000000, 0x000000060d000000, 0x000000060d400000|  0%| F|  |TAMS 0x000000060d000000| PB 0x000000060d000000| Untracked |  0
|  53|0x000000060d400000, 0x000000060d400000, 0x000000060d800000|  0%| F|  |TAMS 0x000000060d400000| PB 0x000000060d400000| Untracked |  0
|  54|0x000000060d800000, 0x000000060d800000, 0x000000060dc00000|  0%| F|  |TAMS 0x000000060d800000| PB 0x000000060d800000| Untracked |  0
|  55|0x000000060dc00000, 0x000000060dc00000, 0x000000060e000000|  0%| F|  |TAMS 0x000000060dc00000| PB 0x000000060dc00000| Untracked |  0
|  56|0x000000060e000000, 0x000000060e000000, 0x000000060e400000|  0%| F|  |TAMS 0x000000060e000000| PB 0x000000060e000000| Untracked |  0
|  57|0x000000060e400000, 0x000000060e400000, 0x000000060e800000|  0%| F|  |TAMS 0x000000060e400000| PB 0x000000060e400000| Untracked |  0
|  58|0x000000060e800000, 0x000000060e800000, 0x000000060ec00000|  0%| F|  |TAMS 0x000000060e800000| PB 0x000000060e800000| Untracked |  0
|  59|0x000000060ec00000, 0x000000060ec00000, 0x000000060f000000|  0%| F|  |TAMS 0x000000060ec00000| PB 0x000000060ec00000| Untracked |  0
|  60|0x000000060f000000, 0x000000060f000000, 0x000000060f400000|  0%| F|  |TAMS 0x000000060f000000| PB 0x000000060f000000| Untracked |  0
|  61|0x000000060f400000, 0x000000060f400000, 0x000000060f800000|  0%| F|  |TAMS 0x000000060f400000| PB 0x000000060f400000| Untracked |  0
|  62|0x000000060f800000, 0x000000060f800000, 0x000000060fc00000|  0%| F|  |TAMS 0x000000060f800000| PB 0x000000060f800000| Untracked |  0
|  63|0x000000060fc00000, 0x000000060fc00000, 0x0000000610000000|  0%| F|  |TAMS 0x000000060fc00000| PB 0x000000060fc00000| Untracked |  0
|  64|0x0000000610000000, 0x0000000610000000, 0x0000000610400000|  0%| F|  |TAMS 0x0000000610000000| PB 0x0000000610000000| Untracked |  0
|  65|0x0000000610400000, 0x0000000610400000, 0x0000000610800000|  0%| F|  |TAMS 0x0000000610400000| PB 0x0000000610400000| Untracked |  0
|  66|0x0000000610800000, 0x0000000610800000, 0x0000000610c00000|  0%| F|  |TAMS 0x0000000610800000| PB 0x0000000610800000| Untracked |  0
|  67|0x0000000610c00000, 0x0000000610c00000, 0x0000000611000000|  0%| F|  |TAMS 0x0000000610c00000| PB 0x0000000610c00000| Untracked |  0
|  68|0x0000000611000000, 0x0000000611000000, 0x0000000611400000|  0%| F|  |TAMS 0x0000000611000000| PB 0x0000000611000000| Untracked |  0
|  69|0x0000000611400000, 0x0000000611400000, 0x0000000611800000|  0%| F|  |TAMS 0x0000000611400000| PB 0x0000000611400000| Untracked |  0
|  70|0x0000000611800000, 0x0000000611800000, 0x0000000611c00000|  0%| F|  |TAMS 0x0000000611800000| PB 0x0000000611800000| Untracked |  0
|  71|0x0000000611c00000, 0x0000000611c00000, 0x0000000612000000|  0%| F|  |TAMS 0x0000000611c00000| PB 0x0000000611c00000| Untracked |  0
|  72|0x0000000612000000, 0x0000000612000000, 0x0000000612400000|  0%| F|  |TAMS 0x0000000612000000| PB 0x0000000612000000| Untracked |  0
|  73|0x0000000612400000, 0x0000000612400000, 0x0000000612800000|  0%| F|  |TAMS 0x0000000612400000| PB 0x0000000612400000| Untracked |  0
|  74|0x0000000612800000, 0x0000000612800000, 0x0000000612c00000|  0%| F|  |TAMS 0x0000000612800000| PB 0x0000000612800000| Untracked |  0
|  75|0x0000000612c00000, 0x0000000612c00000, 0x0000000613000000|  0%| F|  |TAMS 0x0000000612c00000| PB 0x0000000612c00000| Untracked |  0
|  76|0x0000000613000000, 0x0000000613000000, 0x0000000613400000|  0%| F|  |TAMS 0x0000000613000000| PB 0x0000000613000000| Untracked |  0
|  77|0x0000000613400000, 0x0000000613400000, 0x0000000613800000|  0%| F|  |TAMS 0x0000000613400000| PB 0x0000000613400000| Untracked |  0
|  78|0x0000000613800000, 0x0000000613800000, 0x0000000613c00000|  0%| F|  |TAMS 0x0000000613800000| PB 0x0000000613800000| Untracked |  0
|  79|0x0000000613c00000, 0x0000000613c00000, 0x0000000614000000|  0%| F|  |TAMS 0x0000000613c00000| PB 0x0000000613c00000| Untracked |  0
|  80|0x0000000614000000, 0x0000000614000000, 0x0000000614400000|  0%| F|  |TAMS 0x0000000614000000| PB 0x0000000614000000| Untracked |  0
|  81|0x0000000614400000, 0x0000000614400000, 0x0000000614800000|  0%| F|  |TAMS 0x0000000614400000| PB 0x0000000614400000| Untracked |  0
|  82|0x0000000614800000, 0x0000000614800000, 0x0000000614c00000|  0%| F|  |TAMS 0x0000000614800000| PB 0x0000000614800000| Untracked |  0
|  83|0x0000000614c00000, 0x0000000614c00000, 0x0000000615000000|  0%| F|  |TAMS 0x0000000614c00000| PB 0x0000000614c00000| Untracked |  0
|  84|0x0000000615000000, 0x0000000615000000, 0x0000000615400000|  0%| F|  |TAMS 0x0000000615000000| PB 0x0000000615000000| Untracked |  0
|  85|0x0000000615400000, 0x0000000615400000, 0x0000000615800000|  0%| F|  |TAMS 0x0000000615400000| PB 0x0000000615400000| Untracked |  0
|  86|0x0000000615800000, 0x0000000615800000, 0x0000000615c00000|  0%| F|  |TAMS 0x0000000615800000| PB 0x0000000615800000| Untracked |  0
|  87|0x0000000615c00000, 0x0000000615c00000, 0x0000000616000000|  0%| F|  |TAMS 0x0000000615c00000| PB 0x0000000615c00000| Untracked |  0
|  88|0x0000000616000000, 0x0000000616000000, 0x0000000616400000|  0%| F|  |TAMS 0x0000000616000000| PB 0x0000000616000000| Untracked |  0
|  89|0x0000000616400000, 0x0000000616400000, 0x0000000616800000|  0%| F|  |TAMS 0x0000000616400000| PB 0x0000000616400000| Untracked |  0
|  90|0x0000000616800000, 0x0000000616800000, 0x0000000616c00000|  0%| F|  |TAMS 0x0000000616800000| PB 0x0000000616800000| Untracked |  0
|  91|0x0000000616c00000, 0x0000000616c00000, 0x0000000617000000|  0%| F|  |TAMS 0x0000000616c00000| PB 0x0000000616c00000| Untracked |  0
|  92|0x0000000617000000, 0x0000000617000000, 0x0000000617400000|  0%| F|  |TAMS 0x0000000617000000| PB 0x0000000617000000| Untracked |  0
|  93|0x0000000617400000, 0x0000000617400000, 0x0000000617800000|  0%| F|  |TAMS 0x0000000617400000| PB 0x0000000617400000| Untracked |  0
|  94|0x0000000617800000, 0x0000000617800000, 0x0000000617c00000|  0%| F|  |TAMS 0x0000000617800000| PB 0x0000000617800000| Untracked |  0
|  95|0x0000000617c00000, 0x0000000617c00000, 0x0000000618000000|  0%| F|  |TAMS 0x0000000617c00000| PB 0x0000000617c00000| Untracked |  0
|  96|0x0000000618000000, 0x0000000618000000, 0x0000000618400000|  0%| F|  |TAMS 0x0000000618000000| PB 0x0000000618000000| Untracked |  0
|  97|0x0000000618400000, 0x0000000618400000, 0x0000000618800000|  0%| F|  |TAMS 0x0000000618400000| PB 0x0000000618400000| Untracked |  0
|  98|0x0000000618800000, 0x0000000618800000, 0x0000000618c00000|  0%| F|  |TAMS 0x0000000618800000| PB 0x0000000618800000| Untracked |  0
|  99|0x0000000618c00000, 0x0000000618c00000, 0x0000000619000000|  0%| F|  |TAMS 0x0000000618c00000| PB 0x0000000618c00000| Untracked |  0
| 100|0x0000000619000000, 0x0000000619000000, 0x0000000619400000|  0%| F|  |TAMS 0x0000000619000000| PB 0x0000000619000000| Untracked |  0
| 101|0x0000000619400000, 0x0000000619400000, 0x0000000619800000|  0%| F|  |TAMS 0x0000000619400000| PB 0x0000000619400000| Untracked |  0
| 102|0x0000000619800000, 0x0000000619800000, 0x0000000619c00000|  0%| F|  |TAMS 0x0000000619800000| PB 0x0000000619800000| Untracked |  0
| 103|0x0000000619c00000, 0x0000000619c00000, 0x000000061a000000|  0%| F|  |TAMS 0x0000000619c00000| PB 0x0000000619c00000| Untracked |  0
| 104|0x000000061a000000, 0x000000061a000000, 0x000000061a400000|  0%| F|  |TAMS 0x000000061a000000| PB 0x000000061a000000| Untracked |  0
| 105|0x000000061a400000, 0x000000061a400000, 0x000000061a800000|  0%| F|  |TAMS 0x000000061a400000| PB 0x000000061a400000| Untracked |  0
| 106|0x000000061a800000, 0x000000061a800000, 0x000000061ac00000|  0%| F|  |TAMS 0x000000061a800000| PB 0x000000061a800000| Untracked |  0
| 107|0x000000061ac00000, 0x000000061ac00000, 0x000000061b000000|  0%| F|  |TAMS 0x000000061ac00000| PB 0x000000061ac00000| Untracked |  0
| 108|0x000000061b000000, 0x000000061b000000, 0x000000061b400000|  0%| F|  |TAMS 0x000000061b000000| PB 0x000000061b000000| Untracked |  0
| 109|0x000000061b400000, 0x000000061b400000, 0x000000061b800000|  0%| F|  |TAMS 0x000000061b400000| PB 0x000000061b400000| Untracked |  0
| 110|0x000000061b800000, 0x000000061b800000, 0x000000061bc00000|  0%| F|  |TAMS 0x000000061b800000| PB 0x000000061b800000| Untracked |  0
| 111|0x000000061bc00000, 0x000000061bc00000, 0x000000061c000000|  0%| F|  |TAMS 0x000000061bc00000| PB 0x000000061bc00000| Untracked |  0
| 112|0x000000061c000000, 0x000000061c000000, 0x000000061c400000|  0%| F|  |TAMS 0x000000061c000000| PB 0x000000061c000000| Untracked |  0
| 113|0x000000061c400000, 0x000000061c400000, 0x000000061c800000|  0%| F|  |TAMS 0x000000061c400000| PB 0x000000061c400000| Untracked |  0
| 114|0x000000061c800000, 0x000000061c800000, 0x000000061cc00000|  0%| F|  |TAMS 0x000000061c800000| PB 0x000000061c800000| Untracked |  0
| 115|0x000000061cc00000, 0x000000061cc00000, 0x000000061d000000|  0%| F|  |TAMS 0x000000061cc00000| PB 0x000000061cc00000| Untracked |  0
| 116|0x000000061d000000, 0x000000061d000000, 0x000000061d400000|  0%| F|  |TAMS 0x000000061d000000| PB 0x000000061d000000| Untracked |  0
| 117|0x000000061d400000, 0x000000061d400000, 0x000000061d800000|  0%| F|  |TAMS 0x000000061d400000| PB 0x000000061d400000| Untracked |  0
| 118|0x000000061d800000, 0x000000061d800000, 0x000000061dc00000|  0%| F|  |TAMS 0x000000061d800000| PB 0x000000061d800000| Untracked |  0
| 119|0x000000061dc00000, 0x000000061dc00000, 0x000000061e000000|  0%| F|  |TAMS 0x000000061dc00000| PB 0x000000061dc00000| Untracked |  0
| 120|0x000000061e000000, 0x000000061e000000, 0x000000061e400000|  0%| F|  |TAMS 0x000000061e000000| PB 0x000000061e000000| Untracked |  0
| 121|0x000000061e400000, 0x000000061e400000, 0x000000061e800000|  0%| F|  |TAMS 0x000000061e400000| PB 0x000000061e400000| Untracked |  0
| 122|0x000000061e800000, 0x000000061e800000, 0x000000061ec00000|  0%| F|  |TAMS 0x000000061e800000| PB 0x000000061e800000| Untracked |  0
| 123|0x000000061ec00000, 0x000000061ec00000, 0x000000061f000000|  0%| F|  |TAMS 0x000000061ec00000| PB 0x000000061ec00000| Untracked |  0
| 124|0x000000061f000000, 0x000000061f000000, 0x000000061f400000|  0%| F|  |TAMS 0x000000061f000000| PB 0x000000061f000000| Untracked |  0
| 125|0x000000061f400000, 0x000000061f400000, 0x000000061f800000|  0%| F|  |TAMS 0x000000061f400000| PB 0x000000061f400000| Untracked |  0
| 126|0x000000061f800000, 0x000000061f800000, 0x000000061fc00000|  0%| F|  |TAMS 0x000000061f800000| PB 0x000000061f800000| Untracked |  0
| 127|0x000000061fc00000, 0x000000061fc00000, 0x0000000620000000|  0%| F|  |TAMS 0x000000061fc00000| PB 0x000000061fc00000| Untracked |  0
| 128|0x0000000620000000, 0x0000000620000000, 0x0000000620400000|  0%| F|  |TAMS 0x0000000620000000| PB 0x0000000620000000| Untracked |  0
| 129|0x0000000620400000, 0x0000000620400000, 0x0000000620800000|  0%| F|  |TAMS 0x0000000620400000| PB 0x0000000620400000| Untracked |  0
| 130|0x0000000620800000, 0x0000000620800000, 0x0000000620c00000|  0%| F|  |TAMS 0x0000000620800000| PB 0x0000000620800000| Untracked |  0
| 131|0x0000000620c00000, 0x0000000620c00000, 0x0000000621000000|  0%| F|  |TAMS 0x0000000620c00000| PB 0x0000000620c00000| Untracked |  0
| 132|0x0000000621000000, 0x0000000621000000, 0x0000000621400000|  0%| F|  |TAMS 0x0000000621000000| PB 0x0000000621000000| Untracked |  0
| 133|0x0000000621400000, 0x0000000621400000, 0x0000000621800000|  0%| F|  |TAMS 0x0000000621400000| PB 0x0000000621400000| Untracked |  0
| 134|0x0000000621800000, 0x0000000621800000, 0x0000000621c00000|  0%| F|  |TAMS 0x0000000621800000| PB 0x0000000621800000| Untracked |  0
| 135|0x0000000621c00000, 0x0000000621c00000, 0x0000000622000000|  0%| F|  |TAMS 0x0000000621c00000| PB 0x0000000621c00000| Untracked |  0
| 136|0x0000000622000000, 0x0000000622000000, 0x0000000622400000|  0%| F|  |TAMS 0x0000000622000000| PB 0x0000000622000000| Untracked |  0
| 137|0x0000000622400000, 0x0000000622400000, 0x0000000622800000|  0%| F|  |TAMS 0x0000000622400000| PB 0x0000000622400000| Untracked |  0
| 138|0x0000000622800000, 0x0000000622800000, 0x0000000622c00000|  0%| F|  |TAMS 0x0000000622800000| PB 0x0000000622800000| Untracked |  0
| 139|0x0000000622c00000, 0x0000000622c00000, 0x0000000623000000|  0%| F|  |TAMS 0x0000000622c00000| PB 0x0000000622c00000| Untracked |  0
| 140|0x0000000623000000, 0x0000000623000000, 0x0000000623400000|  0%| F|  |TAMS 0x0000000623000000| PB 0x0000000623000000| Untracked |  0
| 141|0x0000000623400000, 0x0000000623400000, 0x0000000623800000|  0%| F|  |TAMS 0x0000000623400000| PB 0x0000000623400000| Untracked |  0
| 142|0x0000000623800000, 0x0000000623800000, 0x0000000623c00000|  0%| F|  |TAMS 0x0000000623800000| PB 0x0000000623800000| Untracked |  0
| 143|0x0000000623c00000, 0x0000000623c00000, 0x0000000624000000|  0%| F|  |TAMS 0x0000000623c00000| PB 0x0000000623c00000| Untracked |  0
| 144|0x0000000624000000, 0x0000000624000000, 0x0000000624400000|  0%| F|  |TAMS 0x0000000624000000| PB 0x0000000624000000| Untracked |  0
| 145|0x0000000624400000, 0x0000000624400000, 0x0000000624800000|  0%| F|  |TAMS 0x0000000624400000| PB 0x0000000624400000| Untracked |  0
| 146|0x0000000624800000, 0x0000000624800000, 0x0000000624c00000|  0%| F|  |TAMS 0x0000000624800000| PB 0x0000000624800000| Untracked |  0
| 147|0x0000000624c00000, 0x0000000624c00000, 0x0000000625000000|  0%| F|  |TAMS 0x0000000624c00000| PB 0x0000000624c00000| Untracked |  0
| 148|0x0000000625000000, 0x0000000625000000, 0x0000000625400000|  0%| F|  |TAMS 0x0000000625000000| PB 0x0000000625000000| Untracked |  0
| 149|0x0000000625400000, 0x0000000625400000, 0x0000000625800000|  0%| F|  |TAMS 0x0000000625400000| PB 0x0000000625400000| Untracked |  0
| 150|0x0000000625800000, 0x0000000625800000, 0x0000000625c00000|  0%| F|  |TAMS 0x0000000625800000| PB 0x0000000625800000| Untracked |  0
| 151|0x0000000625c00000, 0x0000000625c00000, 0x0000000626000000|  0%| F|  |TAMS 0x0000000625c00000| PB 0x0000000625c00000| Untracked |  0
| 152|0x0000000626000000, 0x0000000626000000, 0x0000000626400000|  0%| F|  |TAMS 0x0000000626000000| PB 0x0000000626000000| Untracked |  0
| 153|0x0000000626400000, 0x000000062673f360, 0x0000000626800000| 81%| S|CS|TAMS 0x0000000626400000| PB 0x0000000626400000| Complete |  0
| 154|0x0000000626800000, 0x0000000626c00000, 0x0000000626c00000|100%| S|CS|TAMS 0x0000000626800000| PB 0x0000000626800000| Complete |  0
| 155|0x0000000626c00000, 0x0000000627000000, 0x0000000627000000|100%| O|Cr|TAMS 0x0000000626c00000| PB 0x0000000626c00000| Complete |  2
| 156|0x0000000627000000, 0x0000000627000000, 0x0000000627400000|  0%| F|  |TAMS 0x0000000627000000| PB 0x0000000627000000| Untracked |  0
| 157|0x0000000627400000, 0x0000000627400000, 0x0000000627800000|  0%| F|  |TAMS 0x0000000627400000| PB 0x0000000627400000| Untracked |  0
| 158|0x0000000627800000, 0x0000000627800000, 0x0000000627c00000|  0%| F|  |TAMS 0x0000000627800000| PB 0x0000000627800000| Untracked |  0
| 159|0x0000000627c00000, 0x0000000627c00000, 0x0000000628000000|  0%| F|  |TAMS 0x0000000627c00000| PB 0x0000000627c00000| Untracked |  0
| 160|0x0000000628000000, 0x0000000628000000, 0x0000000628400000|  0%| F|  |TAMS 0x0000000628000000| PB 0x0000000628000000| Untracked |  0
| 161|0x0000000628400000, 0x0000000628400000, 0x0000000628800000|  0%| F|  |TAMS 0x0000000628400000| PB 0x0000000628400000| Untracked |  0
| 162|0x0000000628800000, 0x0000000628800000, 0x0000000628c00000|  0%| F|  |TAMS 0x0000000628800000| PB 0x0000000628800000| Untracked |  0
| 163|0x0000000628c00000, 0x0000000628c00000, 0x0000000629000000|  0%| F|  |TAMS 0x0000000628c00000| PB 0x0000000628c00000| Untracked |  0
| 164|0x0000000629000000, 0x0000000629000000, 0x0000000629400000|  0%| F|  |TAMS 0x0000000629000000| PB 0x0000000629000000| Untracked |  0
| 165|0x0000000629400000, 0x0000000629400000, 0x0000000629800000|  0%| F|  |TAMS 0x0000000629400000| PB 0x0000000629400000| Untracked |  0
| 166|0x0000000629800000, 0x0000000629800000, 0x0000000629c00000|  0%| F|  |TAMS 0x0000000629800000| PB 0x0000000629800000| Untracked |  0
| 167|0x0000000629c00000, 0x0000000629c00000, 0x000000062a000000|  0%| F|  |TAMS 0x0000000629c00000| PB 0x0000000629c00000| Untracked |  0
| 168|0x000000062a000000, 0x000000062a000000, 0x000000062a400000|  0%| F|  |TAMS 0x000000062a000000| PB 0x000000062a000000| Untracked |  0
| 169|0x000000062a400000, 0x000000062a400000, 0x000000062a800000|  0%| F|  |TAMS 0x000000062a400000| PB 0x000000062a400000| Untracked |  0
| 170|0x000000062a800000, 0x000000062a800000, 0x000000062ac00000|  0%| F|  |TAMS 0x000000062a800000| PB 0x000000062a800000| Untracked |  0
| 171|0x000000062ac00000, 0x000000062ac00000, 0x000000062b000000|  0%| F|  |TAMS 0x000000062ac00000| PB 0x000000062ac00000| Untracked |  0
| 172|0x000000062b000000, 0x000000062b000000, 0x000000062b400000|  0%| F|  |TAMS 0x000000062b000000| PB 0x000000062b000000| Untracked |  0
| 173|0x000000062b400000, 0x000000062b400000, 0x000000062b800000|  0%| F|  |TAMS 0x000000062b400000| PB 0x000000062b400000| Untracked |  0
| 174|0x000000062b800000, 0x000000062b800000, 0x000000062bc00000|  0%| F|  |TAMS 0x000000062b800000| PB 0x000000062b800000| Untracked |  0
| 175|0x000000062bc00000, 0x000000062bc00000, 0x000000062c000000|  0%| F|  |TAMS 0x000000062bc00000| PB 0x000000062bc00000| Untracked |  0
| 176|0x000000062c000000, 0x000000062c000000, 0x000000062c400000|  0%| F|  |TAMS 0x000000062c000000| PB 0x000000062c000000| Untracked |  0
| 177|0x000000062c400000, 0x000000062c400000, 0x000000062c800000|  0%| F|  |TAMS 0x000000062c400000| PB 0x000000062c400000| Untracked |  0
| 178|0x000000062c800000, 0x000000062c800000, 0x000000062cc00000|  0%| F|  |TAMS 0x000000062c800000| PB 0x000000062c800000| Untracked |  0
| 179|0x000000062cc00000, 0x000000062cc00000, 0x000000062d000000|  0%| F|  |TAMS 0x000000062cc00000| PB 0x000000062cc00000| Untracked |  0
| 180|0x000000062d000000, 0x000000062d000000, 0x000000062d400000|  0%| F|  |TAMS 0x000000062d000000| PB 0x000000062d000000| Untracked |  0
| 181|0x000000062d400000, 0x000000062d400000, 0x000000062d800000|  0%| F|  |TAMS 0x000000062d400000| PB 0x000000062d400000| Untracked |  0
| 182|0x000000062d800000, 0x000000062d800000, 0x000000062dc00000|  0%| F|  |TAMS 0x000000062d800000| PB 0x000000062d800000| Untracked |  0
| 183|0x000000062dc00000, 0x000000062dc00000, 0x000000062e000000|  0%| F|  |TAMS 0x000000062dc00000| PB 0x000000062dc00000| Untracked |  0
| 184|0x000000062e000000, 0x000000062e000000, 0x000000062e400000|  0%| F|  |TAMS 0x000000062e000000| PB 0x000000062e000000| Untracked |  0
| 185|0x000000062e400000, 0x000000062e400000, 0x000000062e800000|  0%| F|  |TAMS 0x000000062e400000| PB 0x000000062e400000| Untracked |  0
| 186|0x000000062e800000, 0x000000062e800000, 0x000000062ec00000|  0%| F|  |TAMS 0x000000062e800000| PB 0x000000062e800000| Untracked |  0
| 187|0x000000062ec00000, 0x000000062ec00000, 0x000000062f000000|  0%| F|  |TAMS 0x000000062ec00000| PB 0x000000062ec00000| Untracked |  0
| 188|0x000000062f000000, 0x000000062f000000, 0x000000062f400000|  0%| F|  |TAMS 0x000000062f000000| PB 0x000000062f000000| Untracked |  0
| 189|0x000000062f400000, 0x000000062f400000, 0x000000062f800000|  0%| F|  |TAMS 0x000000062f400000| PB 0x000000062f400000| Untracked |  0
| 190|0x000000062f800000, 0x000000062f800000, 0x000000062fc00000|  0%| F|  |TAMS 0x000000062f800000| PB 0x000000062f800000| Untracked |  0
| 191|0x000000062fc00000, 0x000000062fc00000, 0x0000000630000000|  0%| F|  |TAMS 0x000000062fc00000| PB 0x000000062fc00000| Untracked |  0
| 192|0x0000000630000000, 0x0000000630000000, 0x0000000630400000|  0%| F|  |TAMS 0x0000000630000000| PB 0x0000000630000000| Untracked |  0
| 193|0x0000000630400000, 0x0000000630400000, 0x0000000630800000|  0%| F|  |TAMS 0x0000000630400000| PB 0x0000000630400000| Untracked |  0
| 194|0x0000000630800000, 0x0000000630800000, 0x0000000630c00000|  0%| F|  |TAMS 0x0000000630800000| PB 0x0000000630800000| Untracked |  0
| 195|0x0000000630c00000, 0x0000000630c00000, 0x0000000631000000|  0%| F|  |TAMS 0x0000000630c00000| PB 0x0000000630c00000| Untracked |  0
|2043|0x00000007fec00000, 0x00000007ff000000, 0x00000007ff000000|100%| O|  |TAMS 0x00000007fec00000| PB 0x00000007fec00000| Untracked |  0
|2044|0x00000007ff000000, 0x00000007ff400000, 0x00000007ff400000|100%| O|  |TAMS 0x00000007ff000000| PB 0x00000007ff000000| Untracked |  0
|2045|0x00000007ff400000, 0x00000007ff800000, 0x00000007ff800000|100%| O|  |TAMS 0x00000007ff400000| PB 0x00000007ff400000| Untracked |  0
|2046|0x00000007ff800000, 0x00000007ff800000, 0x00000007ffc00000|  0%| F|  |TAMS 0x00000007ff800000| PB 0x00000007ff800000| Untracked |  0
|2047|0x00000007ffc00000, 0x0000000800000000, 0x0000000800000000|100%| O|  |TAMS 0x00000007ffc00000| PB 0x00000007ffc00000| Untracked |  0

Card table byte_map: [0x00000245c5680000,0x00000245c6680000] _byte_map_base: 0x00000245c2680000

Marking Bits: (CMBitMap*) 0x00000245a1026a00
 Bits: [0x00000245c6680000, 0x00000245ce680000)

Polling page: 0x000002459ee30000

Metaspace:
Metaspace        used 104736K, committed 106624K, reserved 1179648K
 class space     used 15017K, committed 15872K, reserved 1048576K

Usage:
  Non-class:     87.62 MB used.
      Class:     14.67 MB used.
       Both:    102.28 MB used.

Virtual space:
  Non-class space:      128.00 MB reserved,      88.62 MB ( 69%) committed,  2 nodes.
      Class space:        1.00 GB reserved,      15.50 MB (  2%) committed,  1 nodes.
             Both:        1.12 GB reserved,     104.12 MB (  9%) committed. 

Chunk freelists:
   Non-Class:  6.48 MB
       Class:  528.00 KB
        Both:  7.00 MB

MaxMetaspaceSize: 4.00 GB
CompressedClassSpaceSize: 1.00 GB
Initial GC threshold: 21.00 MB
Current GC threshold: 145.75 MB
CDS: off
 - commit_granule_bytes: 65536.
 - commit_granule_words: 8192.
 - virtual_space_node_default_size: 8388608.
 - enlarge_chunks_in_place: 1.
UseCompressedClassPointers 1, UseCompactObjectHeaders 0
Narrow klass pointer bits 32, Max shift 3
Narrow klass base: 0x0000000000000000, Narrow klass shift: 0
Encoding Range: [0x0000000000000000 - 0x0000000100000000), (4294967296 bytes)
Klass Range:    [0x0000000088000000 - 0x00000000c8000000), (1073741824 bytes)
Klass ID Range:  [2281701376 - 3355443193) (1073741817)
No protection zone.


Internal statistics:

num_allocs_failed_limit: 9.
num_arena_births: 3672.
num_arena_deaths: 2.
num_vsnodes_births: 3.
num_vsnodes_deaths: 0.
num_space_committed: 1666.
num_space_uncommitted: 0.
num_chunks_returned_to_freelist: 11.
num_chunks_taken_from_freelist: 7650.
num_chunk_merges: 9.
num_chunk_splits: 5001.
num_chunks_enlarged: 3210.
num_inconsistent_stats: 0.

CodeHeap 'non-profiled nmethods': size=259264Kb used=9998Kb max_used=9998Kb free=249265Kb
 bounds [0x00000245b4730000, 0x00000245b5100000, 0x00000245c4460000]
CodeHeap 'profiled nmethods': size=259264Kb used=24984Kb max_used=24984Kb free=234279Kb
 bounds [0x00000245a4460000, 0x00000245a5cd0000, 0x00000245b4190000]
CodeHeap 'non-nmethods': size=5760Kb used=2287Kb max_used=2426Kb free=3472Kb
 bounds [0x00000245b4190000, 0x00000245b4410000, 0x00000245b4730000]
CodeCache: size=524288Kb, used=37269Kb, max_used=37408Kb, free=487016Kb
 total_blobs=16572, nmethods=15648, adapters=826, full_count=0
Compilation: enabled, stopped_count=0, restarted_count=0

Compilation events (20 events):
Event: 357.893 Thread 0x00000245d5028870 nmethod 17176 0x00000245a5cc5188 code [0x00000245a5cc5280, 0x00000245a5cc5d98]
Event: 357.907 Thread 0x00000245ce873fd0 nmethod 17163 0x00000245b50e9308 code [0x00000245b50e9400, 0x00000245b50efb00]
Event: 357.907 Thread 0x00000245ce873fd0 17173       4       com.google.common.collect.HashBiMap::seekByValue (47 bytes)
Event: 357.911 Thread 0x00000245ce873fd0 nmethod 17173 0x00000245b50efb88 code [0x00000245b50efc80, 0x00000245b50effb8]
Event: 357.911 Thread 0x00000245ce873fd0 17174       4       com.google.common.collect.HashBiMap$Inverse::get (16 bytes)
Event: 357.916 Thread 0x00000245ce873fd0 nmethod 17174 0x00000245b50f0008 code [0x00000245b50f0100, 0x00000245b50f0530]
Event: 357.916 Thread 0x00000245ce873fd0 17161       4       com.google.common.collect.HashBiMap::rehashIfNecessary (87 bytes)
Event: 357.920 Thread 0x00000245ce873fd0 nmethod 17161 0x00000245b50f0588 code [0x00000245b50f0680, 0x00000245b50f0c20]
Event: 357.920 Thread 0x00000245ce873fd0 17170       4       com.google.common.collect.Maps::keyOrNull (15 bytes)
Event: 357.921 Thread 0x00000245ce873fd0 nmethod 17170 0x00000245b50f0c88 code [0x00000245b50f0d80, 0x00000245b50f0e18]
Event: 357.921 Thread 0x00000245ce873fd0 17168       4       org.gradle.internal.serialize.HierarchicalNameSerializer::writeFirstOccurrenceOfName (73 bytes)
Event: 357.951 Thread 0x00000245ce873fd0 nmethod 17168 0x00000245b50f0f88 code [0x00000245b50f1080, 0x00000245b50f2570]
Event: 357.951 Thread 0x00000245ce873fd0 17162       4       com.google.common.collect.HashBiMap::putInverse (184 bytes)
Event: 357.962 Thread 0x00000245d5028870 17177       3       org.gradle.internal.snapshot.RootTrackingFileSystemSnapshotHierarchyVisitor::visitEntry (18 bytes)
Event: 357.964 Thread 0x00000245d5028870 nmethod 17177 0x00000245a5cc5e08 code [0x00000245a5cc5f00, 0x00000245a5cc6110]
Event: 357.964 Thread 0x00000245ce873fd0 nmethod 17162 0x00000245b50f2608 code [0x00000245b50f2700, 0x00000245b50f3348]
Event: 357.964 Thread 0x00000245ce873fd0 17164       4       org.gradle.api.internal.initialization.transform.InstrumentationAnalysisTransform$$Lambda/0x0000000088f7b0a8::accept (12 bytes)
Event: 357.968 Thread 0x00000245ce873fd0 nmethod 17164 0x00000245b50f3388 code [0x00000245b50f3480, 0x00000245b50f3590]
Event: 357.968 Thread 0x00000245ce873fd0 17172       4       com.google.common.collect.ImmutableSet$SetBuilderImpl::review (2 bytes)
Event: 357.968 Thread 0x00000245ce873fd0 nmethod 17172 0x00000245b50f3688 code [0x00000245b50f3780, 0x00000245b50f37f8]

GC Heap Usage History (20 events):
Event: 52.057 {heap After GC invocations=54 (full 0):
 garbage-first heap   total reserved 8388608K, committed 659456K, used 140868K [0x0000000600000000, 0x0000000800000000)
  region size 4096K, 6 young (24576K), 6 survivors (24576K)
}
Event: 53.724 {heap Before GC invocations=54 (full 0):
 garbage-first heap   total reserved 8388608K, committed 659456K, used 509508K [0x0000000600000000, 0x0000000800000000)
  region size 4096K, 96 young (393216K), 6 survivors (24576K)
}
Event: 53.766 {heap After GC invocations=55 (full 0):
 garbage-first heap   total reserved 8388608K, committed 659456K, used 139234K [0x0000000600000000, 0x0000000800000000)
  region size 4096K, 5 young (20480K), 5 survivors (20480K)
}
Event: 61.715 {heap Before GC invocations=55 (full 0):
 garbage-first heap   total reserved 8388608K, committed 659456K, used 511970K [0x0000000600000000, 0x0000000800000000)
  region size 4096K, 96 young (393216K), 5 survivors (20480K)
}
Event: 61.857 {heap After GC invocations=56 (full 0):
 garbage-first heap   total reserved 8388608K, committed 659456K, used 127438K [0x0000000600000000, 0x0000000800000000)
  region size 4096K, 3 young (12288K), 3 survivors (12288K)
}
Event: 71.998 {heap Before GC invocations=56 (full 0):
 garbage-first heap   total reserved 8388608K, committed 659456K, used 508366K [0x0000000600000000, 0x0000000800000000)
  region size 4096K, 96 young (393216K), 3 survivors (12288K)
}
Event: 72.207 {heap After GC invocations=57 (full 0):
 garbage-first heap   total reserved 8388608K, committed 823296K, used 130826K [0x0000000600000000, 0x0000000800000000)
  region size 4096K, 4 young (16384K), 4 survivors (16384K)
}
Event: 82.302 {heap Before GC invocations=57 (full 0):
 garbage-first heap   total reserved 8388608K, committed 823296K, used 524042K [0x0000000600000000, 0x0000000800000000)
  region size 4096K, 100 young (409600K), 4 survivors (16384K)
}
Event: 82.952 {heap After GC invocations=58 (full 0):
 garbage-first heap   total reserved 8388608K, committed 823296K, used 137433K [0x0000000600000000, 0x0000000800000000)
  region size 4096K, 5 young (20480K), 5 survivors (20480K)
}
Event: 83.512 {heap Before GC invocations=58 (full 0):
 garbage-first heap   total reserved 8388608K, committed 823296K, used 157913K [0x0000000600000000, 0x0000000800000000)
  region size 4096K, 10 young (40960K), 5 survivors (20480K)
}
Event: 83.562 {heap After GC invocations=59 (full 0):
 garbage-first heap   total reserved 8388608K, committed 823296K, used 139512K [0x0000000600000000, 0x0000000800000000)
  region size 4096K, 1 young (4096K), 1 survivors (4096K)
}
Event: 95.286 {heap Before GC invocations=59 (full 0):
 garbage-first heap   total reserved 8388608K, committed 823296K, used 622840K [0x0000000600000000, 0x0000000800000000)
  region size 4096K, 120 young (491520K), 1 survivors (4096K)
}
Event: 95.382 {heap After GC invocations=60 (full 0):
 garbage-first heap   total reserved 8388608K, committed 823296K, used 136630K [0x0000000600000000, 0x0000000800000000)
  region size 4096K, 3 young (12288K), 3 survivors (12288K)
}
Event: 105.263 {heap Before GC invocations=60 (full 0):
 garbage-first heap   total reserved 8388608K, committed 823296K, used 361910K [0x0000000600000000, 0x0000000800000000)
  region size 4096K, 58 young (237568K), 3 survivors (12288K)
}
Event: 105.328 {heap After GC invocations=61 (full 0):
 garbage-first heap   total reserved 8388608K, committed 823296K, used 134451K [0x0000000600000000, 0x0000000800000000)
  region size 4096K, 2 young (8192K), 2 survivors (8192K)
}
Event: 351.524 {heap Before GC invocations=61 (full 0):
 garbage-first heap   total reserved 8388608K, committed 823296K, used 613683K [0x0000000600000000, 0x0000000800000000)
  region size 4096K, 120 young (491520K), 2 survivors (8192K)
}
Event: 353.200 {heap After GC invocations=62 (full 0):
 garbage-first heap   total reserved 8388608K, committed 823296K, used 158493K [0x0000000600000000, 0x0000000800000000)
  region size 4096K, 8 young (32768K), 8 survivors (32768K)
}
Event: 353.661 {heap Before GC invocations=62 (full 0):
 garbage-first heap   total reserved 8388608K, committed 823296K, used 166685K [0x0000000600000000, 0x0000000800000000)
  region size 4096K, 10 young (40960K), 8 survivors (32768K)
}
Event: 353.784 {heap After GC invocations=63 (full 0):
 garbage-first heap   total reserved 8388608K, committed 823296K, used 160419K [0x0000000600000000, 0x0000000800000000)
  region size 4096K, 1 young (4096K), 1 survivors (4096K)
}
Event: 358.020 {heap Before GC invocations=63 (full 0):
 garbage-first heap   total reserved 8388608K, committed 823296K, used 324259K [0x0000000600000000, 0x0000000800000000)
  region size 4096K, 42 young (172032K), 1 survivors (4096K)
}

Metaspace Usage History (20 events):
Event: 52.057 {metaspace After GC invocations=54 (full 0):
 Metaspace       used 88353K, committed 90240K, reserved 1179648K
  class space    used 13016K, committed 13888K, reserved 1048576K
}
Event: 53.724 {metaspace Before GC invocations=54 (full 0):
 Metaspace       used 88366K, committed 90240K, reserved 1179648K
  class space    used 13016K, committed 13888K, reserved 1048576K
}
Event: 53.766 {metaspace After GC invocations=55 (full 0):
 Metaspace       used 88366K, committed 90240K, reserved 1179648K
  class space    used 13016K, committed 13888K, reserved 1048576K
}
Event: 61.715 {metaspace Before GC invocations=55 (full 0):
 Metaspace       used 88432K, committed 90240K, reserved 1179648K
  class space    used 13020K, committed 13888K, reserved 1048576K
}
Event: 61.857 {metaspace After GC invocations=56 (full 0):
 Metaspace       used 88432K, committed 90240K, reserved 1179648K
  class space    used 13020K, committed 13888K, reserved 1048576K
}
Event: 71.998 {metaspace Before GC invocations=56 (full 0):
 Metaspace       used 88441K, committed 90240K, reserved 1179648K
  class space    used 13020K, committed 13888K, reserved 1048576K
}
Event: 72.207 {metaspace After GC invocations=57 (full 0):
 Metaspace       used 88441K, committed 90240K, reserved 1179648K
  class space    used 13020K, committed 13888K, reserved 1048576K
}
Event: 82.303 {metaspace Before GC invocations=57 (full 0):
 Metaspace       used 88452K, committed 90304K, reserved 1179648K
  class space    used 13020K, committed 13888K, reserved 1048576K
}
Event: 82.952 {metaspace After GC invocations=58 (full 0):
 Metaspace       used 88452K, committed 90304K, reserved 1179648K
  class space    used 13020K, committed 13888K, reserved 1048576K
}
Event: 83.512 {metaspace Before GC invocations=58 (full 0):
 Metaspace       used 88452K, committed 90304K, reserved 1179648K
  class space    used 13020K, committed 13888K, reserved 1048576K
}
Event: 83.562 {metaspace After GC invocations=59 (full 0):
 Metaspace       used 88452K, committed 90304K, reserved 1179648K
  class space    used 13020K, committed 13888K, reserved 1048576K
}
Event: 95.286 {metaspace Before GC invocations=59 (full 0):
 Metaspace       used 88493K, committed 90304K, reserved 1179648K
  class space    used 13026K, committed 13888K, reserved 1048576K
}
Event: 95.382 {metaspace After GC invocations=60 (full 0):
 Metaspace       used 88493K, committed 90304K, reserved 1179648K
  class space    used 13026K, committed 13888K, reserved 1048576K
}
Event: 105.264 {metaspace Before GC invocations=60 (full 0):
 Metaspace       used 88496K, committed 90304K, reserved 1179648K
  class space    used 13026K, committed 13888K, reserved 1048576K
}
Event: 105.328 {metaspace After GC invocations=61 (full 0):
 Metaspace       used 88496K, committed 90304K, reserved 1179648K
  class space    used 13026K, committed 13888K, reserved 1048576K
}
Event: 351.525 {metaspace Before GC invocations=61 (full 0):
 Metaspace       used 104712K, committed 106560K, reserved 1179648K
  class space    used 15015K, committed 15872K, reserved 1048576K
}
Event: 353.200 {metaspace After GC invocations=62 (full 0):
 Metaspace       used 104712K, committed 106560K, reserved 1179648K
  class space    used 15015K, committed 15872K, reserved 1048576K
}
Event: 353.661 {metaspace Before GC invocations=62 (full 0):
 Metaspace       used 104715K, committed 106560K, reserved 1179648K
  class space    used 15016K, committed 15872K, reserved 1048576K
}
Event: 353.784 {metaspace After GC invocations=63 (full 0):
 Metaspace       used 104715K, committed 106560K, reserved 1179648K
  class space    used 15016K, committed 15872K, reserved 1048576K
}
Event: 358.020 {metaspace Before GC invocations=63 (full 0):
 Metaspace       used 104736K, committed 106624K, reserved 1179648K
  class space    used 15017K, committed 15872K, reserved 1048576K
}

Dll operation events (3 events):
Event: 0.020 Loaded shared library C:\Program Files\Android\Android Studio\jbr\bin\java.dll
Event: 0.027 Loaded shared library C:\Program Files\Android\Android Studio\jbr\bin\zip.dll
Event: 1.637 Loaded shared library C:\Program Files\Android\Android Studio\jbr\bin\verify.dll

Deoptimization events (20 events):
Event: 354.285 Thread 0x00000245d6756df0 Uncommon trap: trap_request=0xffffff45 fr.pc=0x00000245b5049c34 relative=0x0000000000000bb4
Event: 354.285 Thread 0x00000245d6756df0 Uncommon trap: reason=unstable_if action=reinterpret pc=0x00000245b5049c34 method=sun.nio.ch.NioSocketImpl.implRead([BIIJ)I @ 60 c2
Event: 354.285 Thread 0x00000245d6756df0 DEOPT PACKING pc=0x00000245b5049c34 sp=0x0000006fe53feea0
Event: 354.286 Thread 0x00000245d6756df0 DEOPT UNPACKING pc=0x00000245b42b7402 sp=0x0000006fe53fed18 mode 2
Event: 357.697 Thread 0x00000245d840d8a0 Uncommon trap: trap_request=0xffffff45 fr.pc=0x00000245b50c6e30 relative=0x00000000000033b0
Event: 357.697 Thread 0x00000245d840d8a0 Uncommon trap: reason=unstable_if action=reinterpret pc=0x00000245b50c6e30 method=com.google.common.collect.HashBiMap.seekByValue(Ljava/lang/Object;I)Lcom/google/common/collect/HashBiMap$BiEntry; @ 32 c2
Event: 357.700 Thread 0x00000245d840d8a0 DEOPT PACKING pc=0x00000245b50c6e30 sp=0x0000006fe59fb100
Event: 357.705 Thread 0x00000245d840d8a0 DEOPT UNPACKING pc=0x00000245b42b7402 sp=0x0000006fe59faec0 mode 2
Event: 357.706 Thread 0x00000245d840d8a0 Uncommon trap: trap_request=0xffffff45 fr.pc=0x00000245b50bd7d8 relative=0x0000000000000258
Event: 357.706 Thread 0x00000245d840d8a0 Uncommon trap: reason=unstable_if action=reinterpret pc=0x00000245b50bd7d8 method=com.google.common.collect.HashBiMap.seekByValue(Ljava/lang/Object;I)Lcom/google/common/collect/HashBiMap$BiEntry; @ 32 c2
Event: 357.706 Thread 0x00000245d840d8a0 DEOPT PACKING pc=0x00000245b50bd7d8 sp=0x0000006fe59fae90
Event: 357.706 Thread 0x00000245d840d8a0 DEOPT UNPACKING pc=0x00000245b42b7402 sp=0x0000006fe59fae20 mode 2
Event: 357.824 Thread 0x00000245d840d8a0 Uncommon trap: trap_request=0xffffff45 fr.pc=0x00000245b50ce014 relative=0x0000000000000294
Event: 357.824 Thread 0x00000245d840d8a0 Uncommon trap: reason=unstable_if action=reinterpret pc=0x00000245b50ce014 method=com.google.common.collect.HashBiMap.seekByValue(Ljava/lang/Object;I)Lcom/google/common/collect/HashBiMap$BiEntry; @ 32 c2
Event: 357.824 Thread 0x00000245d840d8a0 DEOPT PACKING pc=0x00000245b50ce014 sp=0x0000006fe59fad10
Event: 357.824 Thread 0x00000245d840d8a0 DEOPT UNPACKING pc=0x00000245b42b7402 sp=0x0000006fe59fabc8 mode 2
Event: 357.866 Thread 0x00000245d7724540 Uncommon trap: trap_request=0xffffff45 fr.pc=0x00000245b48e8064 relative=0x0000000000000264
Event: 357.866 Thread 0x00000245d7724540 Uncommon trap: reason=unstable_if action=reinterpret pc=0x00000245b48e8064 method=org.gradle.internal.snapshot.PathUtil.equalChars(CCLorg/gradle/internal/snapshot/CaseSensitivity;)Z @ 11 c2
Event: 357.866 Thread 0x00000245d7724540 DEOPT PACKING pc=0x00000245b48e8064 sp=0x0000006fe23f3320
Event: 357.866 Thread 0x00000245d7724540 DEOPT UNPACKING pc=0x00000245b42b7402 sp=0x0000006fe23f32a8 mode 2

Classes loaded (20 events):
Event: 287.659 Loading class sun/security/ssl/SSLEngineOutputRecord$HandshakeFragment
Event: 287.669 Loading class sun/security/ssl/SSLEngineOutputRecord$HandshakeFragment done
Event: 287.670 Loading class sun/security/ssl/SSLEngineOutputRecord$HandshakeMemo
Event: 287.671 Loading class sun/security/ssl/SSLEngineOutputRecord$RecordMemo
Event: 287.671 Loading class sun/security/ssl/SSLEngineOutputRecord$RecordMemo done
Event: 287.671 Loading class sun/security/ssl/SSLEngineOutputRecord$HandshakeMemo done
Event: 287.735 Loading class sun/security/ssl/PreSharedKeyExtension$SHPreSharedKeySpec
Event: 287.736 Loading class sun/security/ssl/PreSharedKeyExtension$SHPreSharedKeySpec done
Event: 288.131 Loading class com/sun/org/apache/xerces/internal/dom/DeferredCommentImpl
Event: 288.137 Loading class com/sun/org/apache/xerces/internal/dom/CommentImpl
Event: 288.140 Loading class com/sun/org/apache/xerces/internal/dom/CommentImpl done
Event: 288.140 Loading class com/sun/org/apache/xerces/internal/dom/DeferredCommentImpl done
Event: 302.375 Loading class com/sun/org/apache/xerces/internal/util/EncodingMap
Event: 302.506 Loading class com/sun/org/apache/xerces/internal/util/EncodingMap done
Event: 302.541 Loading class sun/nio/cs/ISO_8859_1$Decoder
Event: 302.550 Loading class sun/nio/cs/ISO_8859_1$Decoder done
Event: 350.717 Loading class java/util/zip/ZipInputStream
Event: 350.751 Loading class java/util/zip/ZipInputStream done
Event: 353.344 Loading class sun/rmi/transport/DGCClient$EndpointEntry$CleanRequest
Event: 353.586 Loading class sun/rmi/transport/DGCClient$EndpointEntry$CleanRequest done

Classes unloaded (1 events):
Event: 37.637 Thread 0x00000245ce8249f0 Unloading class 0x0000000088d4c400 'java/lang/invoke/LambdaForm$DMH+0x0000000088d4c400'

Classes redefined (0 events):
No events

Internal exceptions (20 events):
Event: 357.917 Thread 0x00000245d840f010 Exception <a 'sun/nio/fs/WindowsException'{0x0000000627150e48}> (0x0000000627150e48) 
thrown [s\src\hotspot\share\prims\jni.cpp, line 535]
Event: 357.918 Thread 0x00000245d840f010 Exception <a 'sun/nio/fs/WindowsException'{0x0000000627151fb0}> (0x0000000627151fb0) 
thrown [s\src\hotspot\share\prims\jni.cpp, line 535]
Event: 357.937 Thread 0x00000245d840d8a0 Exception <a 'sun/nio/fs/WindowsException'{0x0000000627201a98}> (0x0000000627201a98) 
thrown [s\src\hotspot\share\prims\jni.cpp, line 535]
Event: 357.939 Thread 0x00000245d840d8a0 Exception <a 'sun/nio/fs/WindowsException'{0x0000000627206718}> (0x0000000627206718) 
thrown [s\src\hotspot\share\prims\jni.cpp, line 535]
Event: 357.953 Thread 0x00000245d840f010 Exception <a 'sun/nio/fs/WindowsException'{0x00000006273ff4b0}> (0x00000006273ff4b0) 
thrown [s\src\hotspot\share\prims\jni.cpp, line 535]
Event: 357.955 Thread 0x00000245d840f010 Exception <a 'sun/nio/fs/WindowsException'{0x0000000626c16818}> (0x0000000626c16818) 
thrown [s\src\hotspot\share\prims\jni.cpp, line 535]
Event: 357.958 Thread 0x00000245d840d8a0 Exception <a 'sun/nio/fs/WindowsException'{0x0000000626c38718}> (0x0000000626c38718) 
thrown [s\src\hotspot\share\prims\jni.cpp, line 535]
Event: 357.959 Thread 0x00000245d840d8a0 Exception <a 'sun/nio/fs/WindowsException'{0x0000000626c3aac0}> (0x0000000626c3aac0) 
thrown [s\src\hotspot\share\prims\jni.cpp, line 535]
Event: 357.971 Thread 0x00000245d840d8a0 Exception <a 'sun/nio/fs/WindowsException'{0x0000000626c426d0}> (0x0000000626c426d0) 
thrown [s\src\hotspot\share\prims\jni.cpp, line 535]
Event: 357.978 Thread 0x00000245d840f010 Exception <a 'sun/nio/fs/WindowsException'{0x0000000626d6ad68}> (0x0000000626d6ad68) 
thrown [s\src\hotspot\share\prims\jni.cpp, line 535]
Event: 357.978 Thread 0x00000245d840f010 Exception <a 'sun/nio/fs/WindowsException'{0x0000000626d6d110}> (0x0000000626d6d110) 
thrown [s\src\hotspot\share\prims\jni.cpp, line 535]
Event: 357.980 Thread 0x00000245d840f010 Exception <a 'sun/nio/fs/WindowsException'{0x0000000626d8d8a8}> (0x0000000626d8d8a8) 
thrown [s\src\hotspot\share\prims\jni.cpp, line 535]
Event: 357.980 Thread 0x00000245d840f010 Exception <a 'sun/nio/fs/WindowsException'{0x0000000626d8e728}> (0x0000000626d8e728) 
thrown [s\src\hotspot\share\prims\jni.cpp, line 535]
Event: 357.980 Thread 0x00000245d840f010 Exception <a 'sun/nio/fs/WindowsException'{0x0000000626d9bfb0}> (0x0000000626d9bfb0) 
thrown [s\src\hotspot\share\prims\jni.cpp, line 535]
Event: 357.981 Thread 0x00000245d840f010 Exception <a 'sun/nio/fs/WindowsException'{0x0000000626d9d2e8}> (0x0000000626d9d2e8) 
thrown [s\src\hotspot\share\prims\jni.cpp, line 535]
Event: 357.982 Thread 0x00000245d840d8a0 Exception <a 'sun/nio/fs/WindowsException'{0x0000000626c43550}> (0x0000000626c43550) 
thrown [s\src\hotspot\share\prims\jni.cpp, line 535]
Event: 357.982 Thread 0x00000245d840d8a0 Exception <a 'sun/nio/fs/WindowsException'{0x0000000626c445d8}> (0x0000000626c445d8) 
thrown [s\src\hotspot\share\prims\jni.cpp, line 535]
Event: 357.983 Thread 0x00000245d840d8a0 Exception <a 'sun/nio/fs/WindowsException'{0x0000000626c45910}> (0x0000000626c45910) 
thrown [s\src\hotspot\share\prims\jni.cpp, line 535]
Event: 358.006 Thread 0x00000245d840f010 Exception <a 'sun/nio/fs/WindowsException'{0x0000000626ee52a0}> (0x0000000626ee52a0) 
thrown [s\src\hotspot\share\prims\jni.cpp, line 535]
Event: 358.006 Thread 0x00000245d840f010 Exception <a 'sun/nio/fs/WindowsException'{0x0000000626ee6408}> (0x0000000626ee6408) 
thrown [s\src\hotspot\share\prims\jni.cpp, line 535]

VM Operations (20 events):
Event: 117.762 Executing non-safepoint VM operation: HandshakeAllThreads (Deoptimize) done
Event: 120.256 Executing non-safepoint VM operation: HandshakeAllThreads (HandshakeForDeflation)
Event: 120.256 Executing non-safepoint VM operation: HandshakeAllThreads (HandshakeForDeflation) done
Event: 120.256 Executing non-safepoint VM operation: RendezvousGCThreads
Event: 120.256 Executing non-safepoint VM operation: RendezvousGCThreads done
Event: 180.340 Executing non-safepoint VM operation: HandshakeAllThreads (HandshakeForDeflation)
Event: 180.471 Executing non-safepoint VM operation: HandshakeAllThreads (HandshakeForDeflation) done
Event: 180.471 Executing non-safepoint VM operation: RendezvousGCThreads
Event: 180.471 Executing non-safepoint VM operation: RendezvousGCThreads done
Event: 282.963 Executing non-safepoint VM operation: HandshakeAllThreads (Deoptimize)
Event: 283.065 Executing non-safepoint VM operation: HandshakeAllThreads (Deoptimize) done
Event: 300.506 Executing non-safepoint VM operation: HandshakeAllThreads (HandshakeForDeflation)
Event: 300.508 Executing non-safepoint VM operation: HandshakeAllThreads (HandshakeForDeflation) done
Event: 300.508 Executing non-safepoint VM operation: RendezvousGCThreads
Event: 300.508 Executing non-safepoint VM operation: RendezvousGCThreads done
Event: 351.520 Executing safepoint VM operation: G1CollectForAllocation (G1 Evacuation Pause)
Event: 353.206 Executing safepoint VM operation: G1CollectForAllocation (G1 Evacuation Pause) done
Event: 353.660 Executing safepoint VM operation: G1CollectForAllocation (G1 Evacuation Pause)
Event: 353.785 Executing safepoint VM operation: G1CollectForAllocation (G1 Evacuation Pause) done
Event: 358.017 Executing safepoint VM operation: G1CollectForAllocation (G1 Evacuation Pause)

Memory protections (0 events):
No events

Nmethod flushes (20 events):
Event: 37.038 Thread 0x00000245ce8249f0 flushing  nmethod 0x00000245a47b5108
Event: 37.038 Thread 0x00000245ce8249f0 flushing  nmethod 0x00000245a498e808
Event: 37.038 Thread 0x00000245ce8249f0 flushing  nmethod 0x00000245a4a8b008
Event: 37.038 Thread 0x00000245ce8249f0 flushing  nmethod 0x00000245a4ab3f88
Event: 37.038 Thread 0x00000245ce8249f0 flushing  nmethod 0x00000245a4b51708
Event: 37.038 Thread 0x00000245ce8249f0 flushing  nmethod 0x00000245a4be3c08
Event: 37.038 Thread 0x00000245ce8249f0 flushing  nmethod 0x00000245a4be6608
Event: 37.038 Thread 0x00000245ce8249f0 flushing  nmethod 0x00000245a4c4c488
Event: 37.038 Thread 0x00000245ce8249f0 flushing  nmethod 0x00000245a4cb4c08
Event: 37.038 Thread 0x00000245ce8249f0 flushing  nmethod 0x00000245a4cca108
Event: 37.038 Thread 0x00000245ce8249f0 flushing  nmethod 0x00000245a4da9388
Event: 37.038 Thread 0x00000245ce8249f0 flushing  nmethod 0x00000245a4dd5f08
Event: 37.855 Thread 0x00000245ce8249f0 flushing  nmethod 0x00000245a4974688
Event: 37.855 Thread 0x00000245ce8249f0 flushing  nmethod 0x00000245b4990508
Event: 37.855 Thread 0x00000245ce8249f0 flushing osr nmethod 0x00000245b49f4c88
Event: 37.855 Thread 0x00000245ce8249f0 flushing  nmethod 0x00000245a45a8408
Event: 37.855 Thread 0x00000245ce8249f0 flushing  nmethod 0x00000245a45e8e08
Event: 37.855 Thread 0x00000245ce8249f0 flushing  nmethod 0x00000245a4701688
Event: 37.855 Thread 0x00000245ce8249f0 flushing  nmethod 0x00000245a4bc9908
Event: 37.855 Thread 0x00000245ce8249f0 flushing  nmethod 0x00000245a4d3e808

Events (20 events):
Event: 290.421 Thread 0x00000245d7724540 Thread added: 0x00000245d6758d30
Event: 290.422 Thread 0x00000245d7724540 Thread added: 0x00000245d675d380
Event: 295.822 Thread 0x00000245d7724540 Thread added: 0x00000245d6762970
Event: 295.823 Thread 0x00000245d7724540 Thread added: 0x00000245d840d8a0
Event: 295.823 Thread 0x00000245d7724540 Thread added: 0x00000245d840d0d0
Event: 296.712 Thread 0x00000245d7724540 Thread added: 0x00000245d840e840
Event: 296.712 Thread 0x00000245d7724540 Thread added: 0x00000245d840f010
Event: 297.601 Thread 0x00000245d7724540 Thread added: 0x00000245d8410780
Event: 297.602 Thread 0x00000245d7724540 Thread added: 0x00000245d8410f50
Event: 297.602 Thread 0x00000245d7724540 Thread added: 0x00000245d840e070
Event: 298.970 Thread 0x00000245d7724540 Thread added: 0x00000245d8414600
Event: 298.970 Thread 0x00000245d7724540 Thread added: 0x00000245d8415d70
Event: 299.730 Thread 0x00000245d7724540 Thread added: 0x00000245d8412e90
Event: 299.731 Thread 0x00000245d7724540 Thread added: 0x00000245d8418c50
Event: 300.580 Thread 0x00000245d7724540 Thread added: 0x00000245d8417cb0
Event: 300.581 Thread 0x00000245d7724540 Thread added: 0x00000245d84155a0
Event: 300.894 Thread 0x00000245d7724540 Thread added: 0x00000245d8419bf0
Event: 332.843 Thread 0x00000245d675ac70 Thread exited: 0x00000245d675ac70
Event: 345.828 Thread 0x00000245d8ceb570 Thread exited: 0x00000245d8ceb570
Event: 354.590 Thread 0x00000245d6756df0 Thread exited: 0x00000245d6756df0


Dynamic libraries:
0x00007ff6f2eb0000 - 0x00007ff6f2eba000 	C:\Program Files\Android\Android Studio\jbr\bin\java.exe
0x00007ffd773c0000 - 0x00007ffd77627000 	C:\WINDOWS\SYSTEM32\ntdll.dll
0x00007ffd76010000 - 0x00007ffd760db000 	C:\WINDOWS\System32\KERNEL32.DLL
0x00007ffd748c0000 - 0x00007ffd74cc2000 	C:\WINDOWS\System32\KERNELBASE.dll
0x00007ffd74760000 - 0x00007ffd748ac000 	C:\WINDOWS\System32\ucrtbase.dll
0x00007ffd5e520000 - 0x00007ffd5e53b000 	C:\Program Files\Android\Android Studio\jbr\bin\VCRUNTIME140.dll
0x00007ffd5b210000 - 0x00007ffd5b226000 	C:\Program Files\Android\Android Studio\jbr\bin\jli.dll
0x00007ffd750e0000 - 0x00007ffd752af000 	C:\WINDOWS\System32\USER32.dll
0x00007ffd74670000 - 0x00007ffd74697000 	C:\WINDOWS\System32\win32u.dll
0x00007ffd75bb0000 - 0x00007ffd75bdb000 	C:\WINDOWS\System32\GDI32.dll
0x00007ffd74fb0000 - 0x00007ffd750d9000 	C:\WINDOWS\System32\gdi32full.dll
0x00007ffd745c0000 - 0x00007ffd74663000 	C:\WINDOWS\System32\msvcp_win.dll
0x00007ffd5f170000 - 0x00007ffd5f400000 	C:\WINDOWS\WinSxS\amd64_microsoft.windows.common-controls_6595b64144ccf1df_6.0.26100.9278_none_3e0d1ba8e3303201\COMCTL32.dll
0x00007ffd756e0000 - 0x00007ffd75789000 	C:\WINDOWS\System32\msvcrt.dll
0x00007ffd758f0000 - 0x00007ffd75921000 	C:\WINDOWS\System32\IMM32.DLL
0x00007ffd70c10000 - 0x00007ffd70c1c000 	C:\Program Files\Android\Android Studio\jbr\bin\vcruntime140_1.dll
0x00007ffd5b180000 - 0x00007ffd5b20d000 	C:\Program Files\Android\Android Studio\jbr\bin\msvcp140.dll
0x00007ffcbf120000 - 0x00007ffcbfffd000 	C:\Program Files\Android\Android Studio\jbr\bin\server\jvm.dll
0x00007ffd76570000 - 0x00007ffd7662c000 	C:\WINDOWS\System32\ADVAPI32.dll
0x00007ffd771a0000 - 0x00007ffd77249000 	C:\WINDOWS\System32\sechost.dll
0x00007ffd77250000 - 0x00007ffd77368000 	C:\WINDOWS\System32\RPCRT4.dll
0x00007ffd76970000 - 0x00007ffd769f0000 	C:\WINDOWS\System32\WS2_32.dll
0x00007ffd74420000 - 0x00007ffd7447e000 	C:\WINDOWS\SYSTEM32\POWRPROF.dll
0x00007ffd6b500000 - 0x00007ffd6b536000 	C:\WINDOWS\SYSTEM32\WINMM.dll
0x00007ffd62800000 - 0x00007ffd6280b000 	C:\WINDOWS\SYSTEM32\VERSION.dll
0x00007ffd74400000 - 0x00007ffd74415000 	C:\WINDOWS\SYSTEM32\UMPDC.dll
0x00007ffd73290000 - 0x00007ffd732ab000 	C:\WINDOWS\SYSTEM32\kernel.appcore.dll
0x00007ffd63f80000 - 0x00007ffd63f8a000 	C:\Program Files\Android\Android Studio\jbr\bin\jimage.dll
0x00007ffd71200000 - 0x00007ffd7144c000 	C:\WINDOWS\SYSTEM32\DBGHELP.DLL
0x00007ffd75c70000 - 0x00007ffd75ff5000 	C:\WINDOWS\System32\combase.dll
0x00007ffd75ad0000 - 0x00007ffd75ba9000 	C:\WINDOWS\System32\OLEAUT32.dll
0x00007ffd55d00000 - 0x00007ffd55d3b000 	C:\WINDOWS\SYSTEM32\dbgcore.DLL
0x00007ffd746a0000 - 0x00007ffd7474c000 	C:\WINDOWS\System32\bcryptPrimitives.dll
0x00007ffd5af20000 - 0x00007ffd5af2e000 	C:\Program Files\Android\Android Studio\jbr\bin\instrument.dll
0x00007ffd5b160000 - 0x00007ffd5b17e000 	C:\Program Files\Android\Android Studio\jbr\bin\java.dll
0x00007ffd76640000 - 0x00007ffd767da000 	C:\WINDOWS\System32\ole32.dll
0x00007ffd76a00000 - 0x00007ffd77198000 	C:\WINDOWS\System32\SHELL32.dll
0x00007ffd5b140000 - 0x00007ffd5b156000 	C:\Program Files\Android\Android Studio\jbr\bin\zip.dll
0x00007ffd72040000 - 0x00007ffd728ee000 	C:\WINDOWS\SYSTEM32\windows.storage.dll
0x00007ffd75550000 - 0x00007ffd7564b000 	C:\WINDOWS\System32\SHCORE.dll
0x00007ffd767e0000 - 0x00007ffd76846000 	C:\WINDOWS\System32\shlwapi.dll
0x00007ffd744e0000 - 0x00007ffd74509000 	C:\WINDOWS\SYSTEM32\profapi.dll
0x00007ffd5e320000 - 0x00007ffd5e330000 	C:\Program Files\Android\Android Studio\jbr\bin\net.dll
0x00007ffd73850000 - 0x00007ffd738bc000 	C:\WINDOWS\system32\mswsock.dll
0x00007ffd5b120000 - 0x00007ffd5b136000 	C:\Program Files\Android\Android Studio\jbr\bin\nio.dll
0x00007ffd5d970000 - 0x00007ffd5d980000 	C:\Program Files\Android\Android Studio\jbr\bin\verify.dll
0x00007ffd5b0e0000 - 0x00007ffd5b107000 	C:\Users\ASUS\.gradle\native\660c5614fbf4a5f2a75b1949f50a0caf5cd603558e7d8a26e50b933a0cfb79d1\windows-amd64\native-platform.dll
0x00007ffd47cd0000 - 0x00007ffd47d47000 	C:\Users\ASUS\.gradle\native\0.2.8\x86_64-windows-gnu\gradle-fileevents.dll
0x00007ffd5b450000 - 0x00007ffd5b459000 	C:\Program Files\Android\Android Studio\jbr\bin\management.dll
0x00007ffd5b110000 - 0x00007ffd5b11b000 	C:\Program Files\Android\Android Studio\jbr\bin\management_ext.dll
0x00007ffd76000000 - 0x00007ffd76008000 	C:\WINDOWS\System32\PSAPI.DLL
0x00007ffd72db0000 - 0x00007ffd72de3000 	C:\WINDOWS\SYSTEM32\IPHLPAPI.DLL
0x00007ffd77370000 - 0x00007ffd7737a000 	C:\WINDOWS\System32\NSI.dll
0x00007ffd5b0d0000 - 0x00007ffd5b0d9000 	C:\Program Files\Android\Android Studio\jbr\bin\extnet.dll
0x00007ffd73b40000 - 0x00007ffd73b5b000 	C:\WINDOWS\SYSTEM32\CRYPTSP.dll
0x00007ffd731f0000 - 0x00007ffd73229000 	C:\WINDOWS\system32\rsaenh.dll
0x00007ffd73900000 - 0x00007ffd73934000 	C:\WINDOWS\SYSTEM32\USERENV.dll
0x00007ffd744b0000 - 0x00007ffd744da000 	C:\WINDOWS\SYSTEM32\bcrypt.dll
0x00007ffd73b60000 - 0x00007ffd73b6c000 	C:\WINDOWS\SYSTEM32\CRYPTBASE.dll
0x00007ffd66270000 - 0x00007ffd66278000 	C:\WINDOWS\system32\wshunix.dll
0x00007ffd72df0000 - 0x00007ffd72f48000 	C:\WINDOWS\SYSTEM32\DNSAPI.dll
0x00007ffd73650000 - 0x00007ffd7365d000 	C:\WINDOWS\SYSTEM32\DSPARSE.dll
0x00007ffd66f70000 - 0x00007ffd66f7b000 	C:\Windows\System32\rasadhlp.dll
0x00007ffd67010000 - 0x00007ffd67096000 	C:\WINDOWS\System32\fwpuclnt.dll
0x00007ffd65bf0000 - 0x00007ffd65bf7000 	C:\Program Files\Android\Android Studio\jbr\bin\rmi.dll

JVMTI agents:
C:\Users\ASUS\.gradle\wrapper\dists\gradle-9.3.1-all\9ot9r568e8zfvvd4mn8rbu1j0\gradle-9.3.1\lib\agents\gradle-instrumentation-agent-9.3.1.jar path:C:\Program Files\Android\Android Studio\jbr\bin\instrument.dll, loaded, initialized, instrumentlib options:none

dbghelp: loaded successfully - version: 4.0.5 - missing functions: none
symbol engine: initialized successfully - sym options: 0x614 - pdb path: .;C:\Program Files\Android\Android Studio\jbr\bin;C:\WINDOWS\SYSTEM32;C:\WINDOWS\WinSxS\amd64_microsoft.windows.common-controls_6595b64144ccf1df_6.0.26100.9278_none_3e0d1ba8e3303201;C:\Program Files\Android\Android Studio\jbr\bin\server;C:\Users\ASUS\.gradle\native\660c5614fbf4a5f2a75b1949f50a0caf5cd603558e7d8a26e50b933a0cfb79d1\windows-amd64;C:\Users\ASUS\.gradle\native\0.2.8\x86_64-windows-gnu

VM Arguments:
jvm_args: --add-opens=java.base/java.lang=ALL-UNNAMED --add-opens=java.base/java.lang.invoke=ALL-UNNAMED --add-opens=java.base/java.util=ALL-UNNAMED --add-opens=java.prefs/java.util.prefs=ALL-UNNAMED --add-exports=jdk.compiler/com.sun.tools.javac.api=ALL-UNNAMED --add-exports=jdk.compiler/com.sun.tools.javac.util=ALL-UNNAMED --add-opens=java.base/java.util=ALL-UNNAMED --add-opens=java.prefs/java.util.prefs=ALL-UNNAMED --add-opens=java.base/java.nio.charset=ALL-UNNAMED --add-opens=java.base/java.net=ALL-UNNAMED --add-opens=java.base/java.util.concurrent=ALL-UNNAMED --add-opens=java.base/java.util.concurrent.atomic=ALL-UNNAMED --add-opens=java.xml/javax.xml.namespace=ALL-UNNAMED --add-opens=java.base/java.time=ALL-UNNAMED --enable-native-access=ALL-UNNAMED -XX:MaxMetaspaceSize=4G -XX:ReservedCodeCacheSize=512m -XX:+HeapDumpOnOutOfMemoryError -Xmx8G -Dfile.encoding=UTF-8 -Duser.country=ID -Duser.language=en -Duser.variant -javaagent:C:\Users\ASUS\.gradle\wrapper\dists\gradle-9.3.1-all\9ot9r568e8zfvvd4mn8rbu1j0\gradle-9.3.1\lib\agents\gradle-instrumentation-agent-9.3.1.jar 
java_command: org.gradle.launcher.daemon.bootstrap.GradleDaemon 9.3.1
java_class_path (initial): C:\Users\ASUS\.gradle\wrapper\dists\gradle-9.3.1-all\9ot9r568e8zfvvd4mn8rbu1j0\gradle-9.3.1\lib\gradle-daemon-main-9.3.1.jar
Launcher Type: SUN_STANDARD

[Global flags]
     intx CICompilerCount                          = 3                                         {product} {ergonomic}
     uint ConcGCThreads                            = 1                                         {product} {ergonomic}
     uint G1ConcRefinementThreads                  = 4                                         {product} {ergonomic}
   size_t G1HeapRegionSize                         = 4194304                                   {product} {ergonomic}
     bool HeapDumpOnOutOfMemoryError               = true                                   {manageable} {command line}
   size_t InitialHeapSize                          = 62914560                                  {product} {ergonomic}
   size_t MarkStackSize                            = 4194304                                   {product} {ergonomic}
   size_t MarkStackSizeMax                         = 536870912                                 {product} {ergonomic}
   size_t MaxHeapSize                              = 8589934592                                {product} {command line}
   size_t MaxMetaspaceSize                         = 4294967296                                {product} {command line}
   size_t MaxNewSize                               = 5150605312                                {product} {ergonomic}
   size_t MinHeapDeltaBytes                        = 4194304                                   {product} {ergonomic}
   size_t MinHeapSize                              = 8388608                                   {product} {ergonomic}
    uintx NonNMethodCodeHeapSize                   = 5898240                                {pd product} {ergonomic}
    uintx NonProfiledCodeHeapSize                  = 265486336                              {pd product} {ergonomic}
    uintx ProfiledCodeHeapSize                     = 265486336                              {pd product} {ergonomic}
    uintx ReservedCodeCacheSize                    = 536870912                              {pd product} {command line, ergonomic}
     bool SegmentedCodeCache                       = true                                      {product} {ergonomic}
   size_t SoftMaxHeapSize                          = 8589934592                             {manageable} {ergonomic}
     bool UseCompressedOops                        = true                           {product lp64_product} {ergonomic}
     bool UseG1GC                                  = true                                      {product} {ergonomic}
     bool UseLargePagesIndividualAllocation        = false                                  {pd product} {ergonomic}

Logging:
Log output configuration:
 #0: stdout all=warning uptime,level,tags foldmultilines=false
 #1: stderr all=off uptime,level,tags foldmultilines=false

Release file:
JAVA_VERSION="25.0.3" 
MODULES="java.base java.compiler java.datatransfer java.xml java.prefs java.desktop java.instrument java.logging java.management java.security.sasl java.naming java.rmi java.management.rmi java.net.http java.scripting java.security.jgss java.transaction.xa java.sql java.sql.rowset java.xml.crypto java.se java.smartcardio jdk.accessibility jdk.internal.jvmstat jdk.attach jdk.charsets jdk.internal.opt jdk.zipfs jdk.compiler jdk.crypto.cryptoki jdk.crypto.ec jdk.dynalink jdk.hotspot.agent jdk.httpserver jdk.internal.ed jdk.internal.le jdk.internal.md jdk.internal.vm.ci jdk.jartool jdk.javadoc jdk.jcmd jdk.jdeps jdk.jdwp.agent jdk.jdi jdk.jfr jdk.jlink jdk.localedata jdk.management jdk.management.agent jdk.management.jfr jdk.naming.dns jdk.naming.rmi jdk.net jdk.sctp jdk.security.auth jdk.security.jgss jdk.unsupported jdk.unsupported.desktop jdk.xml.dom" 
IMPLEMENTOR="JetBrains s.r.o." 
JAVA_RUNTIME_VERSION="25.0.3+-15898627-b508.16" 
LIBC="default" 
OS_ARCH="x86_64" 
OS_NAME="Windows" 
SOURCE=".:git:a8b1dba3234f" 

Environment Variables:
JAVA_HOME=C:\Program Files\Android\Android Studio\jbr
CLASSPATH=C:\Users\ASUS\Downloads\Web\Obesight\android\\gradle\wrapper\gradle-wrapper.jar
PATH=C:\Program Files\Android\Android Studio\jbr\bin;C:\Users\ASUS\bin;C:\Program Files\Git\mingw64\bin;C:\Program Files\Git\usr\local\bin;C:\Program Files\Git\usr\bin;C:\Program Files\Git\usr\bin;C:\Program Files\Git\mingw64\bin;C:\Program Files\Git\usr\bin;C:\Users\ASUS\bin;C:\Program Files (x86)\Common Files\Oracle\Java\javapath;C:\WINDOWS\system32;C:\WINDOWS;C:\WINDOWS\System32\Wbem;C:\WINDOWS\System32\WindowsPowerShell\v1.0;C:\WINDOWS\System32\OpenSSH;C:\Program Files\IBM\SPSS\Statistics\25\JRE\bin;C:\Program Files\Git\cmd;C:\laragon\bin\php;C:\ProgramData\ComposerSetup\bin;C:\Program Files\nodejs;C:\laragon\bin;C:\laragon\bin\apache\httpd-2.4.54-win64-VS16\bin;C:\laragon\bin\composer;C:\laragon\bin\git\bin;C:\laragon\bin\git\cmd;C:\laragon\bin\git\mingw64\bin;C:\laragon\bin\git\usr\bin;C:\laragon\bin\laragon\utils;C:\laragon\bin\mysql\mysql-8.0.30-winx64\bin;C:\laragon\bin\nginx\nginx-1.22.0;C:\laragon\bin\ngrok;C:\laragon\bin\nodejs;C:\laragon\bin\notepad++;C:\laragon\bin\php\8.2.29;C:\laragon\bin\python\python-3.10;C:\laragon\bin\python\python-3.10\Scripts;C:\laragon\bin\redis\redis-x64-5.0.14.1;C:\laragon\bin\telnet;C:\laragon\usr\bin;C:\Users\ASUS\AppData\Local\Yarn\config\global\node_modules\.bin;C:\Users\ASUS\AppData\Roaming\Composer\vendor\bin;C:\Users\ASUS\AppData\Roaming\npm;C:\Users\ASUS\AppData\Local\Programs\Python\Python314\Scripts;C:\Users\ASUS\AppData\Local\Programs\Python\Python314;C:\Users\ASUS\AppData\Local\Microsoft\WindowsApps;C:\ProgramData\ASUS\GitHubDesktop\bin;C:\Users\ASUS\AppData\Local\Programs\Microsoft VS Code\bin;C:\Users\ASUS\AppData\Local\Programs\Antigravity IDE\bin;C:\Program Files\Git\usr\bin\vendor_perl;C:\Program Files\Git\usr\bin\core_perl;C:\src\flutter\bin;C:\src\flutter\bin;C:\src\flutter\bin\mingit\cmd
USERNAME=ASUS
SHELL=C:\Program Files\Git\usr\bin\bash.exe
DISPLAY=needs-to-be-defined
LANG=en_US.UTF-8
TERM=xterm-256color
TMPDIR=C:\Users\ASUS\AppData\Local\Temp
OS=MINGW64_NT-10.0-26200
PROCESSOR_IDENTIFIER=Intel64 Family 6 Model 140 Stepping 1, GenuineIntel
TMP=C:\Users\ASUS\AppData\Local\Temp
TEMP=C:\Users\ASUS\AppData\Local\Temp




Compilation memory statistics disabled.

Periodic native trim disabled

JNI global refs:
JNI global refs: 24, weak refs: 0

JNI global refs memory usage: 835, weak refs: 833

Process memory usage:
Resident Set Size: 222068K (5% of 3881584K total physical memory with 60080K free physical memory)

OOME stack traces (most recent first):
Classloader memory used:
Loader org.gradle.internal.classloader.VisitableURLClassLoader                         : 44481 K
Loader bootstrap                                                                       : 33417 K
Loader org.gradle.initialization.MixInLegacyTypesClassLoader                           : 12513 K
Loader org.gradle.internal.classloader.VisitableURLClassLoader$InstrumentingVisitableURLClassLoader: 8516 K
Loader java.net.URLClassLoader                                                         : 5359 K
Loader jdk.internal.loader.ClassLoaders$AppClassLoader                                 : 225 K
Loader jdk.internal.loader.ClassLoaders$PlatformClassLoader                            : 132 K
Loader org.gradle.internal.classloader.VisitableURLClassLoader                         : 91608 B

Classes loaded by more than one classloader:
Class Program                                                                         : loaded 4 times (x 74B)
Class kotlin.text.StringsKt__StringsKt                                                : loaded 2 times (x 73B)
Class org.gradle.internal.classloader.FilteringClassLoader                            : loaded 2 times (x 106B)
Class kotlin.jvm.internal.CollectionToArray                                           : loaded 2 times (x 73B)
Class kotlin.io.FilesKt__FileTreeWalkKt                                               : loaded 2 times (x 73B)
Class kotlin.sequences.FilteringSequence$iterator$1                                   : loaded 2 times (x 81B)
Class kotlin.sequences.SequencesKt__SequenceBuilderKt                                 : loaded 2 times (x 73B)
Class kotlin.collections.CollectionsKt__ReversedViewsKt                               : loaded 2 times (x 73B)
Class org.gradle.internal.classloader.ClassLoaderHierarchy                            : loaded 2 times (x 72B)
Class org.gradle.api.internal.classpath.ManifestUtil                                  : loaded 2 times (x 73B)
Class org.gradle.internal.classloader.DefaultClassLoaderFactory                       : loaded 2 times (x 84B)
Class kotlin.sequences.SequencesKt___SequencesKt                                      : loaded 2 times (x 73B)
Class kotlin.collections.AbstractList$Companion                                       : loaded 2 times (x 73B)
Class org.gradle.internal.classloader.ClassLoaderVisitor                              : loaded 2 times (x 78B)
Class org.gradle.api.internal.classpath.EffectiveClassPath                            : loaded 2 times (x 92B)
Class kotlin.text.StringsKt__AppendableKt                                             : loaded 2 times (x 73B)
Class [Lkotlin.reflect.KCallable;                                                     : loaded 2 times (x 71B)
Class org.gradle.api.internal.DefaultClassPathProvider                                : loaded 2 times (x 78B)
Class kotlin.sequences.Sequence                                                       : loaded 2 times (x 72B)
Class kotlin.text.StringsKt__StringNumberConversionsJVMKt                             : loaded 2 times (x 73B)
Class [Lorg.gradle.api.internal.ClassPathProvider;                                    : loaded 2 times (x 71B)
Class org.gradle.api.internal.ClassPathProvider                                       : loaded 2 times (x 72B)
Class org.gradle.internal.service.UnknownServiceException                             : loaded 2 times (x 85B)
Class kotlin.collections.ArraysKt___ArraysJvmKt                                       : loaded 2 times (x 73B)
Class kotlin.collections.CollectionsKt__CollectionsKt                                 : loaded 2 times (x 73B)
Class kotlin.text.StringsKt__RegexExtensionsJVMKt                                     : loaded 2 times (x 73B)
Class kotlin._Assertions                                                              : loaded 2 times (x 73B)
Class org.gradle.internal.classpath.TransformedClassPath                              : loaded 2 times (x 98B)
Class org.gradle.internal.classloader.InstrumentingClassLoader                        : loaded 2 times (x 72B)
Class kotlin.jvm.internal.FunctionReference                                           : loaded 2 times (x 124B)
Class kotlin.jvm.internal.FunctionBase                                                : loaded 2 times (x 72B)
Class kotlin.enums.EnumEntriesList                                                    : loaded 2 times (x 225B)
Class kotlin.collections.CollectionsKt__IteratorsJVMKt                                : loaded 2 times (x 73B)
Class [Lorg.jetbrains.kotlin.com.intellij.openapi.diagnostic.LogLevel;                : loaded 2 times (x 71B)
Class org.jetbrains.kotlin.build.report.metrics.GradleBuildTime                       : loaded 2 times (x 90B)
Class org.gradle.internal.service.ServiceLocator                                      : loaded 2 times (x 72B)
Class kotlin.Pair                                                                     : loaded 2 times (x 74B)
Class [Lkotlin.Function;                                                              : loaded 2 times (x 71B)
Class kotlin.io.CloseableKt                                                           : loaded 2 times (x 73B)
Class kotlin.collections.CollectionsKt__MutableCollectionsKt                          : loaded 2 times (x 73B)
Class kotlin.reflect.KCallable                                                        : loaded 2 times (x 72B)
Class kotlin.io.TerminateException                                                    : loaded 2 times (x 84B)
Class kotlin.io.FilesKt__FilePathComponentsKt                                         : loaded 2 times (x 73B)
Class [Lorg.jetbrains.kotlin.build.report.metrics.BuildTime;                          : loaded 2 times (x 71B)
Class kotlin.collections.EmptyList                                                    : loaded 2 times (x 176B)
Class kotlin.collections.MapsKt__MapsJVMKt                                            : loaded 2 times (x 73B)
Class org.gradle.internal.classloader.ClasspathUtil$1                                 : loaded 2 times (x 78B)
Class org.gradle.api.internal.classpath.DefaultModuleRegistry$DefaultModule           : loaded 2 times (x 88B)
Class kotlin.collections.IndexingIterable                                             : loaded 2 times (x 81B)
Class kotlin.collections.ArraysKt__ArraysKt                                           : loaded 2 times (x 73B)
Class kotlin.collections.SetsKt__SetsJVMKt                                            : loaded 2 times (x 73B)
Class kotlin.Function                                                                 : loaded 2 times (x 72B)
Class org.gradle.api.internal.classpath.Module                                        : loaded 2 times (x 72B)
Class kotlin.internal.ProgressionUtilKt                                               : loaded 2 times (x 73B)
Class kotlin.io.FileAlreadyExistsException                                            : loaded 2 times (x 84B)
Class org.gradle.api.internal.classpath.UnknownModuleException                        : loaded 2 times (x 84B)
Class kotlin.collections.IndexingIterator                                             : loaded 2 times (x 81B)
Class org.jetbrains.kotlin.build.report.metrics.BuildMetricsReporter                  : loaded 2 times (x 72B)
Class [Lkotlin.reflect.KAnnotatedElement;                                             : loaded 2 times (x 71B)
Class org.gradle.api.internal.DefaultClassPathRegistry                                : loaded 2 times (x 78B)
Class org.gradle.api.internal.ClassPathRegistry                                       : loaded 2 times (x 72B)
Class org.gradle.internal.classpath.DefaultClassPath$ImmutableUniqueList              : loaded 2 times (x 201B)
Class kotlin.text.StringsKt__StringsJVMKt                                             : loaded 2 times (x 73B)
Class kotlin.collections.SetsKt                                                       : loaded 2 times (x 73B)
Class kotlin.text.StringsKt__IndentKt                                                 : loaded 2 times (x 73B)
Class kotlin.NotImplementedError                                                      : loaded 2 times (x 84B)
Class Settings_gradle$1                                                               : loaded 2 times (x 76B)
Class org.gradle.internal.classpath.ClassPath                                         : loaded 2 times (x 72B)
Class kotlin.reflect.KFunction                                                        : loaded 2 times (x 72B)
Class org.jetbrains.kotlin.com.intellij.openapi.diagnostic.Logger                     : loaded 2 times (x 101B)
Class kotlin.collections.MapsKt__MapsKt                                               : loaded 2 times (x 73B)
Class kotlin.UninitializedPropertyAccessException                                     : loaded 2 times (x 84B)
Class org.gradle.api.internal.classpath.ModuleRegistry                                : loaded 2 times (x 72B)
Class org.gradle.internal.installation.GradleInstallation$1                           : loaded 2 times (x 77B)
Class kotlin.io.FilesKt__UtilsKt                                                      : loaded 2 times (x 73B)
Class kotlin.collections.CollectionsKt__CollectionsJVMKt                              : loaded 2 times (x 73B)
Class org.gradle.api.internal.classpath.DefaultModuleRegistry                         : loaded 2 times (x 88B)
Class kotlin.collections.IndexedValue                                                 : loaded 2 times (x 74B)
Class kotlin.sequences.SequencesKt                                                    : loaded 2 times (x 73B)
Class kotlin.collections.CollectionsKt__IteratorsKt                                   : loaded 2 times (x 73B)
Class org.jetbrains.kotlin.build.report.metrics.GradleBuildTime$Companion             : loaded 2 times (x 73B)
Class org.jetbrains.kotlin.com.intellij.openapi.diagnostic.Logger$DefaultFactory      : loaded 2 times (x 76B)
Class kotlin.text.StringsKt                                                           : loaded 2 times (x 73B)
Class kotlin.LazyKt__LazyJVMKt                                                        : loaded 2 times (x 73B)
Class kotlin.io.FilesKt__FileReadWriteKt                                              : loaded 2 times (x 73B)
Class kotlin.text.StringsKt__StringNumberConversionsKt                                : loaded 2 times (x 73B)
Class org.gradle.internal.service.ServiceLookupException                              : loaded 2 times (x 84B)
Class org.jetbrains.kotlin.com.intellij.openapi.diagnostic.LogLevel                   : loaded 2 times (x 81B)
Class org.gradle.internal.classloader.ClassLoaderFactory                              : loaded 2 times (x 72B)
Class org.gradle.internal.service.CachingServiceLocator                               : loaded 2 times (x 84B)
Class kotlin.jvm.internal.CallableReference                                           : loaded 2 times (x 108B)
Class org.jetbrains.kotlin.build.report.metrics.BuildTime                             : loaded 2 times (x 72B)
Class kotlin.enums.EnumEntries                                                        : loaded 2 times (x 72B)
Class org.jetbrains.kotlin.build.report.metrics.DoNothingBuildMetricsReporter         : loaded 2 times (x 89B)
Class org.jetbrains.kotlin.com.intellij.openapi.diagnostic.Logger$Factory             : loaded 2 times (x 72B)
Class org.gradle.internal.classloader.ClasspathUtil                                   : loaded 2 times (x 73B)
Class kotlin.io.FileSystemException                                                   : loaded 2 times (x 84B)
Class kotlin.jvm.internal.DefaultConstructorMarker                                    : loaded 2 times (x 73B)
Class org.gradle.api.specs.Spec                                                       : loaded 2 times (x 72B)
Class kotlin.collections.EmptyIterator                                                : loaded 2 times (x 91B)
Class kotlin.SynchronizedLazyImpl                                                     : loaded 2 times (x 78B)
Class kotlin.text.StringsKt__RegexExtensionsKt                                        : loaded 2 times (x 73B)
Class kotlin.sequences.SequencesKt__SequencesJVMKt                                    : loaded 2 times (x 73B)
Class kotlin.collections.AbstractList                                                 : loaded 2 times (x 199B)
Class kotlin.collections.AbstractCollection                                           : loaded 2 times (x 119B)
Class kotlin.collections.ArrayAsCollection                                            : loaded 2 times (x 107B)
Class kotlin.LazyKt__LazyKt                                                           : loaded 2 times (x 73B)
Class kotlin.text.StringsKt__StringBuilderJVMKt                                       : loaded 2 times (x 73B)
Class kotlin.UNINITIALIZED_VALUE                                                      : loaded 2 times (x 73B)
Class org.gradle.internal.classloader.VisitableURLClassLoader$InstrumentingVisitableURLClassLoader: loaded 2 times (x 124B)
Class kotlin.ranges.RangesKt__RangesKt                                                : loaded 2 times (x 73B)
Class kotlin.collections.SetsKt___SetsKt                                              : loaded 2 times (x 73B)
Class kotlin.sequences.SequencesKt__SequencesKt                                       : loaded 2 times (x 73B)
Class org.gradle.internal.classloader.VisitableURLClassLoader$Spec                    : loaded 2 times (x 76B)
Class org.gradle.internal.classpath.DefaultClassPath                                  : loaded 2 times (x 92B)
Class kotlin.sequences.FilteringSequence                                              : loaded 2 times (x 77B)
Class [Lorg.jetbrains.kotlin.build.report.metrics.GradleBuildTime;                    : loaded 2 times (x 71B)
Class org.gradle.internal.classloader.ClassLoaderSpec                                 : loaded 2 times (x 73B)
Class kotlin.jvm.internal.FunctionReferenceImpl                                       : loaded 2 times (x 124B)
Class kotlin.collections.CollectionsKt___CollectionsJvmKt                             : loaded 2 times (x 73B)
Class kotlin.Unit                                                                     : loaded 2 times (x 73B)
Class kotlin.TuplesKt                                                                 : loaded 2 times (x 73B)
Class kotlin.sequences.SequencesKt___SequencesJvmKt                                   : loaded 2 times (x 73B)
Class Settings_gradle$1$1                                                             : loaded 2 times (x 76B)
Class kotlin.ranges.RangesKt                                                          : loaded 2 times (x 73B)
Class org.gradle.internal.classloader.VisitableURLClassLoader                         : loaded 2 times (x 118B)
Class kotlin.collections.ArraysUtilJVM                                                : loaded 2 times (x 73B)
Class kotlin.jvm.functions.Function0                                                  : loaded 2 times (x 72B)
Class Settings_gradle                                                                 : loaded 2 times (x 126B)
Class org.gradle.internal.Cast                                                        : loaded 2 times (x 73B)
Class org.gradle.api.Action                                                           : loaded 2 times (x 72B)
Class kotlin.jvm.functions.Function1                                                  : loaded 2 times (x 72B)
Class kotlin.jvm.functions.Function2                                                  : loaded 2 times (x 72B)
Class org.gradle.internal.classpath.DefaultClassPath$ImmutableUniqueList$Builder      : loaded 2 times (x 77B)
Class kotlin.jvm.functions.Function3                                                  : loaded 2 times (x 72B)
Class kotlin.collections.MapsKt___MapsJvmKt                                           : loaded 2 times (x 73B)
Class kotlin.collections.EmptySet                                                     : loaded 2 times (x 124B)
Class kotlin.collections.CollectionsKt___CollectionsKt                                : loaded 2 times (x 73B)
Class org.gradle.api.GradleException                                                  : loaded 2 times (x 84B)
Class kotlin.reflect.KDeclarationContainer                                            : loaded 2 times (x 72B)
Class kotlin.text.StringsKt___StringsJvmKt                                            : loaded 2 times (x 73B)
Class kotlin.collections.MapsKt___MapsKt                                              : loaded 2 times (x 73B)
Class kotlin.io.FilesKt                                                               : loaded 2 times (x 73B)
Class kotlin.collections.ArraysKt___ArraysKt                                          : loaded 2 times (x 73B)
Class kotlin.collections.MapsKt__MapWithDefaultKt                                     : loaded 2 times (x 73B)
Class kotlin.collections.CollectionsKt__MutableCollectionsJVMKt                       : loaded 2 times (x 73B)
Class kotlin.enums.EnumEntriesKt                                                      : loaded 2 times (x 73B)
Class kotlin.text.StringsKt___StringsKt                                               : loaded 2 times (x 73B)
Class org.gradle.internal.IoActions                                                   : loaded 2 times (x 73B)
Class org.gradle.internal.classloader.SystemClassLoaderSpec                           : loaded 2 times (x 73B)
Class kotlin.reflect.KAnnotatedElement                                                : loaded 2 times (x 72B)
Class kotlin.jvm.internal.Intrinsics                                                  : loaded 2 times (x 73B)
Class kotlin.collections.MapsKt                                                       : loaded 2 times (x 73B)
Class kotlin.collections.CollectionsKt__IterablesKt                                   : loaded 2 times (x 73B)
Class kotlin.KotlinNullPointerException                                               : loaded 2 times (x 84B)
Class kotlin.ranges.RangesKt___RangesKt                                               : loaded 2 times (x 73B)
Class org.jetbrains.kotlin.com.intellij.openapi.diagnostic.Attachment                 : loaded 2 times (x 74B)
Class kotlin.collections.ArraysKt                                                     : loaded 2 times (x 73B)
Class kotlin.collections.SetsKt__SetsKt                                               : loaded 2 times (x 73B)
Class kotlin.LazyKt                                                                   : loaded 2 times (x 73B)
Class kotlin.collections.ArraysKt__ArraysJVMKt                                        : loaded 2 times (x 73B)
Class kotlin.jvm.internal.CallableReference$NoReceiver                                : loaded 2 times (x 73B)
Class kotlin.text.StringsKt__StringBuilderKt                                          : loaded 2 times (x 73B)
Class org.gradle.api.internal.classpath.GlobalCacheRootsProvider                      : loaded 2 times (x 72B)
Class kotlin.Lazy                                                                     : loaded 2 times (x 72B)
Class kotlin.NoWhenBranchMatchedException                                             : loaded 2 times (x 84B)
Class [Lkotlin.jvm.functions.Function1;                                               : loaded 2 times (x 71B)
Class kotlin.sequences.ConstrainedOnceSequence                                        : loaded 2 times (x 77B)
Class kotlin.jvm.internal.markers.KMappedMarker                                       : loaded 2 times (x 72B)
Class Build_gradle                                                                    : loaded 2 times (x 128B)
Class org.gradle.internal.installation.CurrentGradleInstallationLocator               : loaded 2 times (x 73B)
Class org.gradle.internal.service.DefaultServiceLocator                               : loaded 2 times (x 85B)
Class org.gradle.internal.installation.CurrentGradleInstallation                      : loaded 2 times (x 75B)
Class org.gradle.util.internal.GUtil                                                  : loaded 2 times (x 73B)
Class kotlin.io.NoSuchFileException                                                   : loaded 2 times (x 84B)
Class kotlin.collections.CollectionsKt                                                : loaded 2 times (x 73B)
Class org.gradle.internal.installation.GradleInstallation                             : loaded 2 times (x 77B)
Class kotlin.jvm.KotlinReflectionNotSupportedError                                    : loaded 2 times (x 84B)
Class org.jetbrains.kotlin.com.intellij.openapi.diagnostic.DefaultLogger              : loaded 2 times (x 102B)

---------------  S Y S T E M  ---------------

OS:
 Windows 11 , 64 bit Build 26100 (10.0.26100.9444)
OS uptime: 0 days 0:43 hours

CPU: total 4 (initial active 4) (2 cores per cpu, 2 threads per core) family 6 model 140 stepping 1 microcode 0xa4, cx8, cmov, fxsr, ht, mmx, 3dnowpref, sse, sse2, sse3, ssse3, sse4.1, sse4.2, popcnt, lzcnt, tsc, tscinvbit, avx, avx2, aes, erms, clmul, bmi1, bmi2, adx, avx512f, avx512dq, avx512cd, avx512bw, avx512vl, sha, fma, vzeroupper, avx512_vpopcntdq, avx512_vpclmulqdq, avx512_vaes, avx512_vnni, clflush, clflushopt, clwb, avx512_vbmi2, avx512_vbmi, rdtscp, rdpid, fsrm, gfni, avx512_bitalg, f16c, pku, cet_ibt, cet_ss, avx512_ifma
Processor Information for the first 4 processors :
  Max Mhz: 2995, Current Mhz: 2995, Mhz Limit: 2995

Memory: 4k page, system-wide physical 3790M (43M free)
TotalPageFile size 15454M (AvailPageFile size 381M)
current process WorkingSet (physical memory assigned to process): 207M, peak: 517M
current process commit charge ("private bytes"): 1112M, peak: 1917M

vm_info: OpenJDK 64-Bit Server VM (25.0.3+-15898627-b508.16) for windows-amd64 JRE (25.0.3+-15898627-b508.16), built on 2026-07-20T17:54:23Z with MS VC++ 16.10 / 16.11 (VS2019)

END.
